postcode_sector,year_quarter,year,quarter,district,town_city,dominant_property_type,median_price,mean_price,price_std,yoy_price_change_pct,qoq_price_change_pct,price_ma3,price_volatility,price_percentile,transaction_count,yoy_volume_change_pct,qoq_volume_change_pct,volume_ma3,relative_activity,activity_level,market_momentum,market_health_score,trend_consistency,market_trend
BD20,2020Q1,2020,1,CRAVEN,KEIGHLEY,Terraced,233000.0,239560.35294117648,111395.67661148743,22.63157894736842,0.23661002366099915,235150.0,46.50004695845493,42.5,85,4.938271604938271,-22.72727272727273,88.0,1.2536873156342183,High,0.6555425601039637,65.6,Aligned,Booming
BD20,2020Q2,2020,2,CRAVEN,KEIGHLEY,Terraced,263000.0,294147.44444444444,156528.14184103467,18.46846846846847,12.875536480686689,242816.66666666666,53.214177038549145,95.0,45,-46.42857142857143,-47.05882352941176,80.0,0.6637168141592921,Low,0.42509652509652507,42.5,Divergent,Declining
BD20,2020Q3,2020,3,CRAVEN,KEIGHLEY,Detached,242475.0,306240.5714285714,180120.556853231,1.03125,-7.804182509505708,246158.33333333334,58.816686506622105,65.0,70,1.4492753623188406,55.55555555555556,66.66666666666667,1.032448377581121,Medium,0.5119846014492754,51.2,Aligned,Stable
BD20,2020Q4,2020,4,CRAVEN,KEIGHLEY,Terraced,239500.0,285646.25409836066,149943.8153632176,3.0329103032910303,-1.226930611403232,248325.0,52.492834480365815,55.00000000000001,122,10.909090909090908,74.28571428571429,79.0,1.7994100294985251,High,0.5618338254561098,56.2,Aligned,Growing
BD20,2021Q1,2021,1,CRAVEN,KEIGHLEY,Terraced,215000.0,272977.5308641975,190506.58204528567,-7.725321888412018,-10.229645093945717,232325.0,69.78837468496995,15.0,81,-4.705882352941177,-33.606557377049185,91.0,1.1946902654867257,Medium,0.4348245392577632,43.5,Aligned,Declining
BD20,2021Q2,2021,2,CRAVEN,KEIGHLEY,Terraced,233000.0,289230.47872340423,211820.62524889514,-11.406844106463879,8.372093023255811,229166.66666666666,73.23592803352604,42.5,94,108.88888888888889,16.049382716049386,99.0,1.3864306784660767,High,0.6315589353612168,63.2,Divergent,Declining
BD20,2021Q3,2021,3,CRAVEN,KEIGHLEY,Terraced,235000.0,272952.3157894737,169589.86821278895,-3.0827920404165376,0.8583690987124415,227666.66666666666,62.131683229092836,50.0,95,35.714285714285715,1.0638297872340496,90.0,1.40117994100295,High,0.6243603906146437,62.4,Divergent,Declining
BD20,2021Q4,2021,4,CRAVEN,KEIGHLEY,Terraced,190000.0,234066.0975609756,124535.59293687987,-20.668058455114824,-19.14893617021277,219333.33333333334,53.205310053258614,7.5,41,-66.39344262295081,-56.84210526315789,76.66666666666667,0.6047197640117994,Low,0.17599164926931105,17.6,Aligned,Declining
BD20,2022Q1,2022,1,CRAVEN,KEIGHLEY,Terraced,245000.0,277304.23529411765,172502.10842067792,13.953488372093023,28.947368421052634,223333.33333333334,62.20680626738958,72.5,34,-58.0246913580247,-17.07317073170732,56.666666666666664,0.5014749262536874,Low,0.3837209302325581,38.4,Divergent,Declining
BD20,2022Q2,2022,2,CRAVEN,KEIGHLEY,Terraced,222000.0,287719.756097561,192477.16798360532,-4.721030042918455,-9.387755102040817,219000.0,66.89744583209625,22.5,41,-56.38297872340425,20.58823529411764,38.666666666666664,0.6047197640117994,Low,0.2716738197424893,27.2,Aligned,Declining
BD20,2022Q3,2022,3,CRAVEN,KEIGHLEY,Terraced,259500.0,286791.0447761194,141141.03733000148,10.425531914893616,16.891891891891888,242166.66666666666,49.21389279786676,90.0,67,-29.47368421052631,63.414634146341456,47.333333333333336,0.9882005899705015,Medium,0.4446584546472564,44.5,Divergent,Declining
BD20,2022Q4,2022,4,CRAVEN,KEIGHLEY,Terraced,225000.0,302305.2545454545,232168.19735486613,18.421052631578945,-13.294797687861271,235500.0,76.79925964368489,30.0,55,34.146341463414636,-17.910447761194025,54.333333333333336,0.8112094395280236,Medium,0.7471116816431322,74.7,Aligned,Booming
BD20,2023Q1,2023,1,NORTH YORKSHIRE,KEIGHLEY,Semi-Detached,275000.0,293769.8333333333,213596.63247411372,12.244897959183673,22.222222222222232,253166.66666666666,72.70883808949537,100.0,30,-11.76470588235294,-45.45454545454546,50.666666666666664,0.4424778761061947,Low,0.5264105642256902,52.6,Divergent,Growing
BD20,2023Q2,2023,2,NORTH YORKSHIRE,KEIGHLEY,Terraced,250000.0,327198.1111111111,301809.00429608114,12.612612612612612,-9.090909090909093,250000.0,92.24044823216957,80.0,45,9.75609756097561,50.0,43.333333333333336,0.6637168141592921,Low,0.614700065919578,61.5,Aligned,Growing
BD20,2023Q3,2023,3,NORTH YORKSHIRE,KEIGHLEY,Terraced,245000.0,309054.0677966102,220737.97860904929,-5.5876685934489405,-2.0000000000000018,256666.66666666666,71.42374154231094,72.5,59,-11.940298507462686,31.11111111111111,44.666666666666664,0.8702064896755163,Medium,0.41871279440945564,41.9,Aligned,Declining
BD20,2023Q4,2023,4,NORTH YORKSHIRE,KEIGHLEY,Terraced,251000.0,286447.8125,150294.91039749025,11.555555555555555,2.448979591836742,248666.66666666666,52.46851392781722,85.0,48,-12.727272727272727,-18.644067796610166,50.666666666666664,0.7079646017699115,Low,0.5184242424242425,51.8,Divergent,Growing
BD22,2020Q1,2020,1,CRAVEN,KEIGHLEY,Semi-Detached,150000.0,179318.18181818182,64348.377107458095,2.0408163265306123,-0.973758045882156,157158.33333333334,35.88502652380426,20.0,11,0.0,-50.0,14.0,0.88,Medium,0.5122448979591837,51.2,Divergent,Stable
BD22,2020Q2,2020,2,CRAVEN,KEIGHLEY,Terraced,148500.0,265857.14285714284,254789.24530640914,14.011516314779271,-1.0000000000000009,149991.66666666666,95.83690043766062,15.0,7,-50.0,-36.36363636363637,13.333333333333334,0.56,Low,0.3840690978886756,38.4,Divergent,Declining
BD22,2020Q3,2020,3,CRAVEN,KEIGHLEY,Terraced,167000.0,197997.5,105709.7073605975,-1.7647058823529411,12.457912457912457,155166.66666666666,53.38941519998863,45.0,20,122.22222222222223,185.71428571428572,12.666666666666666,1.6,High,0.6894117647058824,68.9,Divergent,Stable
BD22,2020Q4,2020,4,CRAVEN,KEIGHLEY,Terraced,257500.0,345500.0,369524.76988093177,69.9950486879023,54.191616766467064,191000.0,106.95362369925667,90.0,10,-54.54545454545454,-50.0,12.333333333333334,0.8,Medium,0.6,60.0,Divergent,Declining
BD22,2021Q1,2021,1,CRAVEN,KEIGHLEY,Terraced,275000.0,274393.3333333333,142392.31127249746,83.33333333333334,6.796116504854366,233166.66666666666,51.89350249246731,95.0,15,36.36363636363637,50.0,15.0,1.2,High,0.9454545454545455,94.5,Aligned,Booming
BD22,2021Q2,2021,2,CRAVEN,KEIGHLEY,Terraced,228725.0,339718.1818181818,277650.9681774406,54.02356902356902,-16.827272727272724,253741.66666666666,81.72979341036277,80.0,22,214.28571428571428,46.66666666666666,15.666666666666666,1.76,High,1.0,100.0,Aligned,Booming
BD22,2021Q3,2021,3,CRAVEN,KEIGHLEY,Terraced,200000.0,245571.73913043478,148042.42314749985,19.760479041916167,-12.558749590119135,234575.0,60.284796480130595,70.0,23,15.0,4.545454545454541,20.0,1.84,High,0.6785628742514971,67.9,Aligned,Booming
BD22,2021Q4,2021,4,CRAVEN,KEIGHLEY,Terraced,167500.0,218850.0,99642.68977200484,-34.95145631067961,-16.249999999999996,198741.66666666666,45.530130122003584,50.0,9,-10.0,-60.86956521739131,18.0,0.72,Low,0.25029126213592234,25.0,Aligned,Declining
BD22,2022Q1,2022,1,CRAVEN,KEIGHLEY,Terraced,162000.0,187217.72727272726,66181.47291212385,-41.090909090909086,-3.2835820895522394,176500.0,35.35000337639755,40.0,11,-26.666666666666668,22.222222222222232,14.333333333333334,0.88,Medium,0.1467878787878788,14.7,Aligned,Declining
BD22,2022Q2,2022,2,CRAVEN,KEIGHLEY,Terraced,154875.0,187093.75,88149.2177969509,-32.28768171384851,-4.398148148148151,161458.33333333334,47.11499865546065,35.0,8,-63.63636363636363,-27.27272727272727,9.333333333333334,0.64,Low,0.10627390971690896,10.6,Aligned,Declining
BD22,2022Q3,2022,3,CRAVEN,KEIGHLEY,Terraced,168000.0,244500.0,157128.71979155604,-16.0,8.47457627118644,161625.0,64.26532506812109,55.00000000000001,13,-43.47826086956522,62.5,10.666666666666666,1.04,Medium,0.23008695652173913,23.0,Aligned,Declining
BD22,2022Q4,2022,4,NORTH YORKSHIRE,KEIGHLEY,Detached,229975.0,270800.375,151778.8302610437,37.29850746268657,36.88988095238095,184283.33333333334,56.04823488927728,85.0,8,-11.11111111111111,-38.46153846153846,9.666666666666666,0.64,Low,0.6793466003316749,67.9,Divergent,Growing
BD22,2023Q1,2023,1,CRAVEN,KEIGHLEY,Terraced,154500.0,159428.57142857142,46796.03666571612,-4.62962962962963,-32.81878465050549,184158.33333333334,29.35235274731298,30.0,7,-36.36363636363637,-12.5,9.333333333333334,0.56,Low,0.3267676767676767,32.7,Aligned,Declining
BD22,2023Q2,2023,2,NORTH YORKSHIRE,KEIGHLEY,Terraced,211000.0,267565.3846153846,299917.74593531986,36.23890234059726,36.56957928802589,198491.66666666666,112.09138520158,75.0,13,62.5,85.71428571428572,9.333333333333334,1.04,Medium,0.9174334140435836,91.7,Aligned,Booming
BD22,2023Q3,2023,3,NORTH YORKSHIRE,KEIGHLEY,Terraced,355000.0,365625.0,221539.2177471068,111.30952380952381,68.24644549763033,240166.66666666666,60.591922802627494,100.0,8,-38.46153846153847,-38.46153846153846,9.333333333333334,0.64,Low,0.6461538461538461,64.6,Divergent,Declining
BD22,2023Q4,2023,4,NORTH YORKSHIRE,KEIGHLEY,Terraced,175000.0,180138.88888888888,36859.732244159226,-23.904772257854116,-50.70422535211267,247000.0,20.461840567305046,65.0,9,12.5,12.5,10.0,0.72,Low,0.4065713664528753,40.7,Divergent,Declining
BD23,2020Q1,2020,1,CRAVEN,SKIPTON,Terraced,223000.0,293966.19658119656,216543.65917460673,8.51581508515815,-14.230769230769235,234166.66666666666,73.66277541193247,20.0,117,-12.686567164179104,-39.37823834196891,159.66666666666666,0.7235621521335808,Low,0.5003486218542325,50.0,Divergent,Growing
BD23,2020Q2,2020,2,CRAVEN,SKIPTON,Terraced,245000.0,283337.30666666664,165258.5460504297,5.9459459459459465,9.865470852017943,242666.66666666666,58.32572773229923,47.5,75,-44.02985074626866,-35.89743589743589,128.33333333333334,0.463821892393321,Low,0.359556272690601,36.0,Divergent,Declining
BD23,2020Q3,2020,3,CRAVEN,SKIPTON,Terraced,244000.0,299330.05844155845,175348.50832825544,11.161731207289293,-0.40816326530612734,237333.33333333334,58.580320747336735,37.5,154,-8.875739644970414,105.33333333333333,115.33333333333333,0.9523809523809524,Medium,0.5314674286638541,53.1,Divergent,Growing
BD23,2020Q4,2020,4,CRAVEN,SKIPTON,Terraced,257475.0,312875.4692307692,208794.9516380039,-0.971153846153846,5.522540983606561,248825.0,66.73420327625684,55.00000000000001,260,34.715025906735754,68.83116883116882,163.0,1.6079158936301794,High,0.6330331805500198,63.3,Divergent,Stable
BD23,2021Q1,2021,1,CRAVEN,SKIPTON,Terraced,244000.0,313224.47878787876,240204.2738843842,9.417040358744394,-5.233517817263811,248491.66666666666,76.68758036215134,37.5,165,41.02564102564102,-36.53846153846154,193.0,1.0204081632653061,Medium,0.7206048062550305,72.1,Aligned,Growing
BD23,2021Q2,2021,2,CRAVEN,SKIPTON,Terraced,280000.0,339121.4579831933,218812.1333896448,14.285714285714285,14.754098360655732,260491.66666666666,64.52323444554459,80.0,238,217.33333333333334,44.242424242424235,221.0,1.471861471861472,High,0.7857142857142857,78.6,Aligned,Booming
BD23,2021Q3,2021,3,CRAVEN,SKIPTON,Terraced,219975.0,251662.83823529413,122081.18204064737,-9.846311475409836,-21.4375,247991.66666666666,48.50981690292574,15.0,204,32.467532467532465,-14.28571428571429,202.33333333333334,1.261595547309833,High,0.5707922610176708,57.1,Divergent,Declining
BD23,2021Q4,2021,4,CRAVEN,SKIPTON,Terraced,230000.0,309458.99363057327,236886.60878457245,-10.670938926109331,4.557336060916017,243325.0,76.54862636416492,25.0,157,-39.61538461538461,-23.039215686274506,199.66666666666666,0.9709338280766853,Medium,0.27751282798180554,27.8,Aligned,Declining
BD23,2022Q1,2022,1,CRAVEN,SKIPTON,Terraced,245000.0,307027.5367647059,193159.59621062188,0.4098360655737705,6.521739130434789,231658.33333333334,62.912792202952126,47.5,136,-17.575757575757574,-13.375796178343947,165.66666666666666,0.8410636982065554,Medium,0.4321559860904123,43.2,Divergent,Stable
BD23,2022Q2,2022,2,NORTH YORKSHIRE,SKIPTON,Terraced,259975.0,324449.58461538464,177112.17049921327,-7.151785714285714,6.112244897959185,244991.66666666666,54.58850277437372,60.0,130,-45.378151260504204,-4.411764705882348,141.0,0.8039579468150897,Medium,0.27557668067226887,27.6,Aligned,Declining
BD23,2022Q3,2022,3,CRAVEN,SKIPTON,Terraced,300000.0,359988.85350318474,232048.29091028057,36.37913399249915,15.395711126069811,268325.0,64.4598544238614,95.0,157,-23.03921568627451,20.769230769230763,141.0,0.9709338280766853,Medium,0.6261179412098967,62.6,Divergent,Declining
BD23,2022Q4,2022,4,CRAVEN,SKIPTON,Terraced,313750.0,373891.9653465347,234831.63586573448,36.41304347826087,4.583333333333339,291241.6666666667,62.80735015209146,100.0,202,28.662420382165603,28.6624203821656,163.0,1.2492269635126778,High,0.8331279423982277,83.3,Aligned,Booming
BD23,2023Q1,2023,1,CRAVEN,SKIPTON,Terraced,282500.0,323114.84057971014,191186.3027709618,15.306122448979592,-9.960159362549803,298750.0,59.16976837954848,85.0,138,1.4705882352941175,-31.68316831683168,165.66666666666666,0.8534322820037107,Medium,0.597719087635054,59.8,Aligned,Growing
BD23,2023Q2,2023,2,NORTH YORKSHIRE,SKIPTON,Terraced,260000.0,317127.9366197183,191696.13382355074,0.009616309260505818,-7.964601769911505,285416.6666666667,60.447570739698584,70.0,142,9.230769230769232,2.898550724637672,160.66666666666666,0.8781694495980211,Medium,0.5369807747786399,53.7,Aligned,Stable
BD23,2023Q3,2023,3,NORTH YORKSHIRE,SKIPTON,Terraced,295000.0,335307.0797101449,179993.0684902645,-1.6666666666666667,13.461538461538458,279166.6666666667,53.68006802774905,90.0,138,-12.101910828025478,-2.8169014084507005,139.33333333333334,0.8534322820037107,Medium,0.4415923566878981,44.2,Aligned,Stable
BD23,2023Q4,2023,4,NORTH YORKSHIRE,SKIPTON,Terraced,260000.0,332461.1989528796,208251.72925795516,-17.131474103585656,-11.864406779661019,271666.6666666667,62.639408723142786,70.0,191,-5.445544554455446,38.40579710144927,157.0,1.1811997526283242,Medium,0.37542897716066426,37.5,Aligned,Declining
BD24,2020Q1,2020,1,CRAVEN,SETTLE,Terraced,222500.0,242827.41379310345,85476.44918402012,-16.977611940298505,20.270270270270263,226583.33333333334,35.20049398411365,20.0,29,16.0,70.58823529411764,26.333333333333332,0.9634551495016611,Medium,0.462134328358209,46.2,Divergent,Declining
BD24,2020Q2,2020,2,CRAVEN,SETTLE,Terraced,250000.0,247090.9090909091,109581.20691565187,-12.280701754385964,12.35955056179776,219166.66666666666,44.348538486834826,30.0,11,-70.27027027027027,-62.06896551724138,19.0,0.3654485049833887,Low,0.2263157894736842,22.6,Aligned,Declining
BD24,2020Q3,2020,3,CRAVEN,SETTLE,Detached,219250.0,239625.0,141294.65043214036,-19.4674012855831,-12.3,230583.33333333334,58.964903675384605,15.0,28,-15.151515151515152,154.54545454545453,22.666666666666668,0.9302325581395349,Medium,0.32258953168044074,32.3,Aligned,Declining
BD24,2020Q4,2020,4,CRAVEN,SETTLE,Terraced,265000.0,300782.97872340423,134340.54685784463,43.24324324324324,20.866590649942985,244750.0,44.66361342254752,50.0,47,176.47058823529412,67.85714285714286,28.666666666666668,1.5614617940199336,High,0.9594594594594594,95.9,Aligned,Booming
BD24,2021Q1,2021,1,CRAVEN,SETTLE,Terraced,260000.0,271305.3783783784,110002.52920459786,16.853932584269664,-1.8867924528301883,248083.33333333334,40.54565002068698,35.0,37,27.586206896551722,-21.276595744680847,37.333333333333336,1.229235880398671,High,0.7114684230918249,71.1,Aligned,Booming
BD24,2021Q2,2021,2,CRAVEN,SETTLE,Detached,285000.0,412739.5283018868,386718.89126199647,14.000000000000002,9.615384615384626,270000.0,93.69562756759797,77.5,53,381.8181818181818,43.24324324324324,45.666666666666664,1.760797342192691,High,0.784,78.4,Aligned,Booming
BD24,2021Q3,2021,3,CRAVEN,SETTLE,Terraced,236500.0,271759.4285714286,132228.76682685298,7.8677309007981755,-17.01754385964912,260500.0,48.65655168688961,25.0,28,0.0,-47.16981132075472,39.333333333333336,0.9302325581395349,Medium,0.547206385404789,54.7,Divergent,Growing
BD24,2021Q4,2021,4,CRAVEN,SETTLE,Flat,158500.0,306903.4482758621,316349.46175388136,-40.18867924528302,-32.98097251585623,226666.66666666666,103.0778453390099,5.0,29,-38.297872340425535,3.571428571428581,36.666666666666664,0.9634551495016611,Medium,0.10567643516659975,10.6,Aligned,Declining
BD24,2022Q1,2022,1,CRAVEN,SETTLE,Detached,267500.0,345340.05555555556,171933.87242174798,2.8846153846153846,68.76971608832807,220833.33333333334,49.78683174911595,57.49999999999999,18,-51.35135135135135,-37.93103448275862,25.0,0.5980066445182723,Low,0.3173076923076923,31.7,Divergent,Declining
BD24,2022Q2,2022,2,CRAVEN,SETTLE,Detached,297500.0,353895.90625,296878.68823894183,4.385964912280701,11.214953271028039,241166.66666666666,83.88870371086466,95.0,32,-39.62264150943396,77.77777777777777,26.333333333333332,1.0631229235880397,Medium,0.3678252234359483,36.8,Divergent,Declining
BD24,2022Q3,2022,3,CRAVEN,SETTLE,Terraced,267500.0,297381.475,147614.51059535798,13.107822410147993,-10.084033613445376,277500.0,49.638098874638374,57.49999999999999,40,42.857142857142854,25.0,30.0,1.3289036544850499,High,0.7500755058894593,75.0,Aligned,Booming
BD24,2022Q4,2022,4,NORTH YORKSHIRE,SETTLE,Terraced,263000.0,326226.6129032258,175341.4066109652,65.93059936908517,-1.6822429906542036,276000.0,53.748345375789356,40.0,31,6.896551724137931,-22.499999999999996,34.333333333333336,1.0299003322259135,Medium,0.8275862068965517,82.8,Aligned,Booming
BD24,2023Q1,2023,1,CRAVEN,SETTLE,Detached,264320.0,309532.22222222225,141516.24898095988,-1.188785046728972,0.5019011406844021,264940.0,45.719391656536885,45.0,27,50.0,-12.903225806451612,32.666666666666664,0.8970099667774086,Medium,0.6928672897196262,69.3,Divergent,Stable
BD24,2023Q2,2023,2,NORTH YORKSHIRE,SETTLE,Detached,295000.0,364290.0740740741,255097.82651155107,-0.8403361344537815,11.607142857142861,274106.6666666667,70.02601626188692,90.0,27,-15.625,0.0,28.333333333333332,0.8970099667774086,Medium,0.43245798319327733,43.2,Aligned,Stable
BD24,2023Q3,2023,3,NORTH YORKSHIRE,SETTLE,Detached,350050.0,375389.51612903224,204322.75344152134,30.859813084112147,18.661016949152543,303123.3333333333,54.42953110371087,100.0,31,-22.5,14.814814814814813,28.333333333333332,1.0299003322259135,Medium,0.5951588785046729,59.5,Divergent,Declining
BD24,2023Q4,2023,4,NORTH YORKSHIRE,SETTLE,Terraced,289312.5,323735.5,150921.42571321517,10.004752851711027,-17.351092701042703,311454.1666666667,46.61874453472516,85.0,22,-29.03225806451613,-29.032258064516125,26.666666666666668,0.7308970099667774,Low,0.44389948485220165,44.4,Divergent,Declining
DL10,2020Q1,2020,1,RICHMONDSHIRE,RICHMOND,Semi-Detached,190000.0,235721.83823529413,140492.52224724047,-6.172839506172839,4.972375690607733,188666.66666666666,59.60097855125449,10.0,68,-2.857142857142857,-18.07228915662651,80.33333333333333,0.8400247066090178,Medium,0.4515343915343915,45.2,Aligned,Declining
DL10,2020Q2,2020,2,RICHMONDSHIRE,RICHMOND,Detached,210000.0,263829.0625,125746.07962949583,0.0,10.526315789473696,193666.66666666666,47.661951430955725,37.5,48,-37.66233766233766,-29.411764705882348,66.33333333333333,0.592958616429895,Low,0.34935064935064936,34.9,Divergent,Declining
DL10,2020Q3,2020,3,RICHMONDSHIRE,RICHMOND,Semi-Detached,200000.0,247238.77272727274,176451.47460122727,2.564102564102564,-4.761904761904767,200000.0,71.36885232635805,20.0,66,-26.666666666666668,37.5,60.666666666666664,0.8153180975911056,Medium,0.4087179487179487,40.9,Divergent,Declining
DL10,2020Q4,2020,4,RICHMONDSHIRE,RICHMOND,Detached,230000.0,270838.5327868852,163881.53857216472,27.071823204419886,14.999999999999991,213333.33333333334,60.50894490006643,57.49999999999999,122,46.98795180722892,84.84848484848484,78.66666666666667,1.5071031500926497,High,0.850382746455435,85.0,Aligned,Booming
DL10,2021Q1,2021,1,RICHMONDSHIRE,RICHMOND,Terraced,231500.0,283842.62295081967,171681.51812043614,21.842105263157897,0.6521739130434856,220500.0,60.48475607209378,65.0,122,79.41176470588235,0.0,103.33333333333333,1.5071031500926497,High,0.8310526315789473,83.1,Aligned,Booming
DL10,2021Q2,2021,2,RICHMONDSHIRE,RICHMOND,Detached,233500.0,285732.37903225806,172561.89863098864,11.190476190476192,0.8639308855291628,231666.66666666666,60.39284004684225,70.0,124,158.33333333333331,1.6393442622950838,122.66666666666667,1.531809759110562,High,0.7671428571428571,76.7,Aligned,Booming
DL10,2021Q3,2021,3,RICHMONDSHIRE,RICHMOND,Semi-Detached,225000.0,267471.08247422683,166854.76817777724,12.5,-3.6402569593147804,230000.0,62.38235798587877,45.0,97,46.96969696969697,-21.7741935483871,114.33333333333333,1.1982705373687461,Medium,0.7628787878787879,76.3,Aligned,Booming
DL10,2021Q4,2021,4,RICHMONDSHIRE,RICHMOND,Semi-Detached,205000.0,294804.83636363636,232782.2022215237,-10.869565217391305,-8.888888888888891,221166.66666666666,78.96145975515515,30.0,55,-54.91803278688525,-43.29896907216495,92.0,0.679431747992588,Low,0.23478260869565218,23.5,Aligned,Declining
DL10,2022Q1,2022,1,RICHMONDSHIRE,RICHMOND,Terraced,240000.0,265469.1780821918,130580.50375314904,3.6717062634989204,17.07317073170731,223333.33333333334,49.18857424296544,77.5,73,-40.16393442622951,32.72727272727274,75.0,0.9017912291537986,Medium,0.3613744998760755,36.1,Divergent,Declining
DL10,2022Q2,2022,2,RICHMONDSHIRE,RICHMOND,Detached,250000.0,269726.5142857143,118561.45999386394,7.066381156316917,4.166666666666674,231666.66666666666,43.956175501632316,85.0,70,-43.54838709677419,-4.109589041095896,66.0,0.8647313156269302,Medium,0.3682047385508047,36.8,Divergent,Declining
DL10,2022Q3,2022,3,RICHMONDSHIRE,RICHMOND,Detached,267000.0,359961.23529411765,285847.5681301073,18.666666666666668,6.800000000000006,252333.33333333334,79.41065317673626,95.0,85,-12.371134020618557,21.42857142857142,76.0,1.0500308832612724,Medium,0.5625154639175258,56.3,Divergent,Growing
DL10,2022Q4,2022,4,RICHMONDSHIRE,RICHMOND,Detached,271000.0,347210.21428571426,226325.36236909937,32.19512195121951,1.4981273408239737,262666.6666666667,65.18395860982923,100.0,70,27.27272727272727,-17.647058823529417,75.0,0.8647313156269302,Medium,0.8022616407982261,80.2,Aligned,Booming
DL10,2023Q1,2023,1,NORTH YORKSHIRE,RICHMOND,Detached,255000.0,301092.6666666667,170625.6158672844,6.25,-5.904059040590404,264333.3333333333,56.668804908550094,90.0,75,2.73972602739726,7.14285714285714,76.66666666666667,0.9264978381717109,Medium,0.5484589041095891,54.8,Aligned,Growing
DL10,2023Q2,2023,2,NORTH YORKSHIRE,RICHMOND,Semi-Detached,240000.0,275648.3333333333,175216.1384309866,-4.0,-5.882352941176472,255333.33333333334,63.56509989091897,77.5,60,-14.285714285714285,-19.999999999999996,68.33333333333333,0.7411982705373688,Low,0.41885714285714293,41.9,Aligned,Declining
DL10,2023Q3,2023,3,NORTH YORKSHIRE,RICHMOND,Detached,227500.0,284028.4939759036,159673.4376357688,-14.794007490636703,-5.2083333333333375,240833.33333333334,56.217401078539375,50.0,83,-2.3529411764705883,38.33333333333333,72.66666666666667,1.0253242742433601,Medium,0.4018241903502975,40.2,Aligned,Declining
DL10,2023Q4,2023,4,NORTH YORKSHIRE,RICHMOND,Detached,230000.0,279246.3086419753,172085.49522175323,-15.129151291512915,1.098901098901095,232500.0,61.62498478803023,57.49999999999999,81,15.714285714285714,-2.409638554216864,74.66666666666667,1.0006176652254477,Medium,0.47208223510806535,47.2,Divergent,Declining
DL11,2020Q1,2020,1,RICHMONDSHIRE,RICHMOND,Terraced,222000.0,255329.16666666666,124999.52810516985,-28.387096774193548,-28.01556420233463,292966.6666666667,48.95622765587031,5.0,12,-52.0,-33.333333333333336,18.666666666666668,0.5010438413361169,Low,0.1296774193548387,13.0,Aligned,Declining
DL11,2020Q2,2020,2,RICHMONDSHIRE,RICHMOND,Other,305000.0,331875.0,153878.51244052593,1.6666666666666667,37.387387387387385,278466.6666666667,46.36640676174039,30.0,12,-45.45454545454545,0.0,14.0,0.5010438413361169,Low,0.32818181818181813,32.8,Divergent,Declining
DL11,2020Q3,2020,3,RICHMONDSHIRE,RICHMOND,Other,320000.0,372447.36842105264,216760.80613437336,-8.17790530846485,4.918032786885251,282333.3333333333,58.19904354628833,50.0,19,-26.923076923076923,58.33333333333333,14.333333333333334,0.7933194154488518,Low,0.3432402604569032,34.3,Aligned,Declining
DL11,2020Q4,2020,4,RICHMONDSHIRE,RICHMOND,Detached,325000.0,359126.02857142856,174480.88785518732,5.382619974059663,1.5625,316666.6666666667,48.58486268713432,55.00000000000001,35,94.44444444444444,84.21052631578947,22.0,1.4613778705636744,High,0.732295719844358,73.2,Aligned,Growing
DL11,2021Q1,2021,1,RICHMONDSHIRE,RICHMOND,Detached,306500.0,316308.11363636365,138461.66616948045,38.06306306306306,-5.692307692307697,317166.6666666667,43.77430113242676,35.0,44,266.66666666666663,25.71428571428571,32.666666666666664,1.837160751565762,High,0.9283783783783783,92.8,Aligned,Booming
DL11,2021Q2,2021,2,RICHMONDSHIRE,RICHMOND,Detached,341750.0,384811.53846153844,199223.0275290034,12.049180327868852,11.500815660685149,324416.6666666667,51.771583649879446,65.0,52,333.33333333333337,18.181818181818187,43.666666666666664,2.1711899791231732,High,0.7722950819672132,77.2,Aligned,Booming
DL11,2021Q3,2021,3,RICHMONDSHIRE,RICHMOND,Terraced,260405.5,358104.23076923075,286869.7509502608,-18.62328125,-23.802340892465256,302885.1666666667,80.10789214471056,10.0,26,36.84210526315789,-50.0,40.666666666666664,1.0855949895615866,Medium,0.5356287335526315,53.6,Divergent,Declining
DL11,2021Q4,2021,4,RICHMONDSHIRE,RICHMOND,Detached,373000.0,414909.07692307694,205668.19670951457,14.76923076923077,43.238142051531156,325051.8333333333,49.56946187698008,90.0,13,-62.857142857142854,-50.0,30.333333333333332,0.5427974947807933,Low,0.38861538461538464,38.9,Divergent,Declining
DL11,2022Q1,2022,1,RICHMONDSHIRE,RICHMOND,Detached,337500.0,350394.44444444444,138362.73925583827,10.114192495921696,-9.51742627345844,323635.1666666667,39.487709194480644,60.0,18,-59.09090909090909,38.46153846153846,19.0,0.7515657620041754,Low,0.3606851549755302,36.1,Divergent,Declining
DL11,2022Q2,2022,2,RICHMONDSHIRE,RICHMOND,Detached,388750.0,431033.2727272727,167744.3968034989,13.752743233357718,15.18518518518519,366416.6666666667,38.91680930850915,95.0,22,-57.692307692307686,22.222222222222232,17.666666666666668,0.918580375782881,Medium,0.38251645940014634,38.3,Divergent,Declining
DL11,2022Q3,2022,3,RICHMONDSHIRE,RICHMOND,Detached,455000.0,483733.3333333333,278827.71016171074,74.72749231487046,17.041800643086823,393750.0,57.640789035634796,100.0,30,15.384615384615385,36.36363636363635,23.333333333333332,1.2526096033402923,High,0.8615384615384616,86.2,Aligned,Booming
DL11,2022Q4,2022,4,RICHMONDSHIRE,RICHMOND,Detached,365000.0,409169.5789473684,250611.30094460264,-2.1447721179624666,-19.780219780219777,402916.6666666667,61.24876184327448,85.0,19,46.15384615384615,-36.66666666666667,23.666666666666668,0.7933194154488518,Low,0.6717467519076098,67.2,Divergent,Stable
DL11,2023Q1,2023,1,NORTH YORKSHIRE,RICHMOND,Terraced,261250.0,346875.0,177109.97435126538,-22.59259259259259,-28.424657534246577,360416.6666666667,51.058731344508935,15.0,18,0.0,-5.263157894736848,22.333333333333332,0.7515657620041754,Low,0.36444444444444446,36.4,Divergent,Declining
DL11,2023Q2,2023,2,NORTH YORKSHIRE,RICHMOND,Terraced,354000.0,344205.8823529412,127897.67135579637,-8.938906752411576,35.502392344497615,326750.0,37.15731715027836,80.0,17,-22.727272727272727,-5.555555555555558,18.0,0.7098121085594989,Low,0.3554574685764396,35.5,Aligned,Declining
DL11,2023Q3,2023,3,NORTH YORKSHIRE,RICHMOND,Detached,345000.0,441590.74074074073,276463.3916637055,-24.175824175824175,-2.5423728813559365,320083.3333333333,62.606247404543744,70.0,27,-10.0,58.823529411764696,20.666666666666668,1.1273486430062631,Medium,0.314945054945055,31.5,Aligned,Declining
DL11,2023Q4,2023,4,NORTH YORKSHIRE,RICHMOND,Terraced,287500.0,368258.3333333333,212847.58154842746,-21.232876712328768,-16.666666666666664,328833.3333333333,57.79844263721413,20.0,24,26.31578947368421,-11.111111111111116,22.666666666666668,1.0020876826722338,Medium,0.47786589762076426,47.8,Divergent,Declining
DL2,2020Q1,2020,1,HAMBLETON,DARLINGTON,Semi-Detached,230000.0,258100.0,116495.92267543101,-4.166666666666666,-28.125,260000.0,45.13596384170128,17.5,5,66.66666666666666,-28.57142857142857,5.666666666666667,1.0101010101010102,Medium,0.675,67.5,Divergent,Declining
DL2,2020Q2,2020,2,RICHMONDSHIRE,DARLINGTON,Other,502500.0,620833.3333333334,559465.8911259321,54.61538461538461,118.47826086956523,350833.3333333333,90.11531132229779,100.0,3,0.0,-40.0,5.0,0.6060606060606061,Low,0.8,80.0,Divergent,Growing
DL2,2020Q3,2020,3,RICHMONDSHIRE,DARLINGTON,Semi-Detached,215000.0,254200.0,129829.50358065766,-6.521739130434782,-57.2139303482587,315833.3333333333,51.07376222685195,5.0,5,0.0,66.66666666666667,4.333333333333333,1.0101010101010102,Medium,0.4608695652173913,46.1,Divergent,Declining
DL2,2020Q4,2020,4,RICHMONDSHIRE,DARLINGTON,Terraced,400000.0,383666.55555555556,141521.9803308934,25.0,86.04651162790698,372500.0,36.886712767019056,75.0,9,28.57142857142857,80.0,5.666666666666667,1.8181818181818181,High,0.7642857142857142,76.4,Aligned,Booming
DL2,2021Q1,2021,1,NORTH YORKSHIRE,DARLINGTON,Semi-Detached,335000.0,367784.0,154940.16032004097,45.65217391304348,-16.249999999999996,316666.6666666667,42.12803175778201,60.0,5,0.0,-44.44444444444444,6.333333333333333,1.0101010101010102,Medium,0.7739130434782608,77.4,Divergent,Growing
DL2,2021Q2,2021,2,HAMBLETON,DARLINGTON,Detached,402500.0,517816.7,370119.423805059,-19.900497512437813,20.149253731343286,379166.6666666667,71.47691911154256,80.0,10,233.33333333333334,100.0,8.0,2.0202020202020203,High,0.5805970149253732,58.1,Divergent,Declining
DL2,2021Q3,2021,3,RICHMONDSHIRE,DARLINGTON,Terraced,270000.0,305071.4285714286,94108.28362912081,25.581395348837212,-32.919254658385086,335833.3333333333,30.84795061596093,35.0,7,40.0,-30.000000000000004,7.333333333333333,1.4141414141414141,High,0.8134883720930233,81.3,Aligned,Booming
DL2,2021Q4,2021,4,RICHMONDSHIRE,DARLINGTON,Detached,222500.0,222500.0,74246.21202458748,-44.375,-17.59259259259259,298333.3333333333,33.36908405599438,10.0,2,-77.77777777777779,-71.42857142857143,6.333333333333333,0.40404040404040403,Low,0.03375,3.4,Aligned,Declining
DL2,2022Q1,2022,1,NORTH YORKSHIRE,DARLINGTON,Semi-Detached,385000.0,401200.0,132371.4470722444,14.925373134328357,73.03370786516854,292500.0,32.99388012767807,70.0,5,0.0,150.0,4.666666666666667,1.0101010101010102,Medium,0.5895522388059702,59.0,Divergent,Growing
DL2,2022Q2,2022,2,HAMBLETON,DARLINGTON,Semi-Detached,462500.0,462500.0,88388.34764831843,14.906832298136646,20.12987012987013,356666.6666666667,19.110994086122904,90.0,2,-80.0,-60.0,3.0,0.40404040404040403,Low,0.3894409937888199,38.9,Divergent,Declining
DL2,2022Q3,2022,3,RICHMONDSHIRE,DARLINGTON,Detached,432475.0,400325.0,139365.25302240872,60.175925925925924,-6.491891891891887,426658.3333333333,34.8130276706198,85.0,6,-14.285714285714285,200.0,4.333333333333333,1.2121212121212122,High,0.7428571428571429,74.3,Divergent,Growing
DL2,2022Q4,2022,4,HAMBLETON,DARLINGTON,Detached,499950.0,515826.85714285716,318778.65280234214,124.69662921348315,15.602057922423263,464975.0,61.79954540716306,95.0,7,250.0,16.666666666666675,5.0,1.4141414141414141,High,1.0,100.0,Aligned,Booming
DL2,2023Q1,2023,1,NORTH YORKSHIRE,DARLINGTON,Detached,320000.0,533333.3333333334,422532.050066422,-16.883116883116884,-35.99359935993599,417475.0,79.22475938745411,47.5,3,-40.0,-57.14285714285714,5.333333333333333,0.6060606060606061,Low,0.2387012987012987,23.9,Aligned,Declining
DL2,2023Q2,2023,2,NORTH YORKSHIRE,DARLINGTON,Detached,300000.0,390000.0,228691.93252058543,-35.13513513513514,-6.25,373316.6666666667,58.63895705656037,40.0,3,50.0,0.0,4.333333333333333,0.6060606060606061,Low,0.4891891891891892,48.9,Divergent,Declining
DL2,2023Q3,2023,3,NORTH YORKSHIRE,DARLINGTON,Semi-Detached,263000.0,262500.0,19754.746265138412,-39.18723625643101,-12.333333333333329,294333.3333333333,7.525617624814633,30.0,3,-50.0,0.0,3.0,0.6060606060606061,Low,0.06487658246141395,6.5,Aligned,Declining
DL2,2023Q4,2023,4,NORTH YORKSHIRE,DARLINGTON,Detached,360000.0,373333.3333333333,129563.36930887013,-27.992799279927993,36.882129277566534,307666.6666666667,34.704473922018785,65.0,6,-14.285714285714285,100.0,4.0,1.2121212121212122,High,0.27490034717757494,27.5,Aligned,Declining
DL6,2020Q1,2020,1,HAMBLETON,NORTHALLERTON,Semi-Detached,203500.0,240204.83870967742,109715.44704582563,1.7500000000000002,2.4801712199420844,216933.33333333334,45.67578556501634,20.0,62,-4.615384615384616,-38.613861386138616,81.0,0.7779171894604767,Low,0.4920384615384615,49.2,Divergent,Stable
DL6,2020Q2,2020,2,HAMBLETON,NORTHALLERTON,Detached,209950.0,265590.0,160410.71000492986,3.6918138041733553,3.1695331695331674,204008.33333333334,60.39787266272445,25.0,36,-63.26530612244898,-41.93548387096774,66.33333333333333,0.45169385194479295,Low,0.3221508828250402,32.2,Divergent,Declining
DL6,2020Q3,2020,3,HAMBLETON,NORTHALLERTON,Detached,229950.0,266633.2,133418.8573795886,-7.54849733641572,9.526077637532747,214466.66666666666,50.03835133043769,52.5,65,-18.75,80.55555555555556,54.333333333333336,0.8155583437892095,Medium,0.37970901598150564,38.0,Aligned,Declining
DL6,2020Q4,2020,4,HAMBLETON,NORTHALLERTON,Detached,230059.0,268487.2471910112,188579.30411779505,15.854966637290696,0.047401609045438775,223319.66666666666,70.23771374274367,60.0,89,-11.881188118811881,36.92307692307693,63.333333333333336,1.1166875784190715,Medium,0.5476050473484967,54.8,Divergent,Growing
DL6,2021Q1,2021,1,HAMBLETON,NORTHALLERTON,Detached,261250.0,327611.22,249805.7334509787,28.37837837837838,13.55782647060102,240419.66666666666,76.25066487374234,90.0,100,61.29032258064516,12.35955056179776,84.66666666666667,1.2547051442910915,High,0.8702702702702703,87.0,Aligned,Booming
DL6,2021Q2,2021,2,HAMBLETON,NORTHALLERTON,Detached,262475.0,314956.64285714284,230756.51540129798,25.017861395570375,0.4688995215311076,251261.33333333334,73.26612111050595,95.0,98,172.22222222222223,-2.0000000000000018,95.66666666666667,1.2296110414052697,High,0.8501071683734223,85.0,Aligned,Booming
DL6,2021Q3,2021,3,HAMBLETON,NORTHALLERTON,Semi-Detached,215000.0,252496.85950413224,111109.67437718957,-6.501413350728419,-18.087436898752262,246241.66666666666,44.004378745697316,35.0,121,86.15384615384616,23.469387755102034,106.33333333333333,1.5181932245922207,High,0.6609915198956295,66.1,Divergent,Declining
DL6,2021Q4,2021,4,HAMBLETON,NORTHALLERTON,Semi-Detached,225000.0,260283.59770114944,151880.59432846855,-2.1990011257981648,4.651162790697683,234158.33333333334,58.35196519100436,40.0,87,-2.247191011235955,-28.099173553719005,102.0,1.0915934755332497,Medium,0.4778172292002672,47.8,Aligned,Stable
DL6,2022Q1,2022,1,HAMBLETON,NORTHALLERTON,Detached,233000.0,287368.8333333333,176984.6789747712,-10.813397129186603,3.5555555555555562,224333.33333333334,61.58798674227762,70.0,72,-28.000000000000004,-17.24137931034483,93.33333333333333,0.9033877038895859,Medium,0.32311961722488036,32.3,Aligned,Declining
DL6,2022Q2,2022,2,NORTH YORKSHIRE,NORTHALLERTON,Semi-Detached,214975.0,258269.2142857143,120019.62246767615,-18.096961615391944,-7.736051502145925,224325.0,46.47074286403435,30.0,98,0.0,36.111111111111114,85.66666666666667,1.2296110414052697,High,0.39141823030764833,39.1,Divergent,Declining
DL6,2022Q3,2022,3,HAMBLETON,NORTHALLERTON,Detached,257972.5,323450.875,222048.59922895185,19.98720930232558,20.001162925921623,235315.83333333334,68.64986815353393,85.0,64,-47.107438016528924,-34.693877551020414,78.0,0.8030112923462986,Medium,0.43149350374783774,43.1,Divergent,Declining
DL6,2022Q4,2022,4,HAMBLETON,NORTHALLERTON,Detached,239450.0,299218.57954545453,183020.09118709218,6.4222222222222225,-7.1800288790471845,237465.83333333334,61.166018321829995,75.0,88,1.1494252873563218,37.5,83.33333333333333,1.1041405269761606,Medium,0.5431310344827587,54.3,Aligned,Growing
DL6,2023Q1,2023,1,HAMBLETON,NORTHALLERTON,Detached,227475.0,303033.8541666667,252181.85234334113,-2.371244635193133,-5.001044059302573,241632.5,83.21903605022386,45.0,48,-33.33333333333333,-45.45454545454546,66.66666666666667,0.6022584692597239,Low,0.3524391988555079,35.2,Aligned,Declining
DL6,2023Q2,2023,2,NORTH YORKSHIRE,NORTHALLERTON,Detached,229950.0,303969.0684931507,227238.96414435183,6.96592627049657,1.0880316518298683,232291.66666666666,74.75726568852258,52.5,73,-25.510204081632654,52.08333333333333,69.66666666666667,0.9159347553324968,Medium,0.4397547412964488,44.0,Divergent,Declining
DL6,2023Q3,2023,3,NORTH YORKSHIRE,NORTHALLERTON,Detached,231000.0,279845.7397260274,202730.81947183807,-10.455571814825223,0.45662100456620447,229475.0,72.443775513722,65.0,73,14.0625,0.0,64.66666666666667,0.9159347553324968,Medium,0.4935165691110487,49.4,Divergent,Declining
DL6,2023Q4,2023,4,NORTH YORKSHIRE,NORTHALLERTON,Detached,272200.5,307798.19736842107,147326.21536187595,13.677385675506368,17.83571428571429,244383.5,47.86454781784601,100.0,76,-13.636363636363635,4.109589041095885,74.0,0.9535759096612296,Medium,0.5275188595075837,52.8,Divergent,Growing
DL7,2020Q1,2020,1,HAMBLETON,NORTHALLERTON,Detached,185000.0,207009.5744680851,98445.16827319017,-10.628019323671497,-9.756097560975608,200000.0,47.55585268273066,5.0,47,-44.70588235294118,-43.37349397590361,67.0,0.7051762940735183,Low,0.2574083546462063,25.7,Aligned,Declining
DL7,2020Q2,2020,2,HAMBLETON,NORTHALLERTON,Semi-Detached,210000.0,266731.0344827586,208738.95326365394,-4.545454545454546,13.513513513513509,200000.0,78.25821755928696,27.500000000000004,29,-56.71641791044776,-38.297872340425535,53.0,0.4351087771942985,Low,0.2727272727272727,27.3,Aligned,Declining
DL7,2020Q3,2020,3,HAMBLETON,NORTHALLERTON,Detached,200000.0,222461.34615384616,161066.7296377236,-4.761904761904762,-4.761904761904767,198333.33333333334,72.40211947937046,10.0,52,-26.76056338028169,79.3103448275862,42.666666666666664,0.7801950487621905,Low,0.3643863179074447,36.4,Aligned,Declining
DL7,2020Q4,2020,4,HAMBLETON,NORTHALLERTON,Detached,254000.0,295662.265060241,174483.0250386444,23.902439024390244,27.0,221333.33333333334,59.01430302683151,95.0,83,0.0,59.61538461538463,54.666666666666664,1.2453113278319579,High,0.6434146341463415,64.3,Divergent,Growing
DL7,2021Q1,2021,1,HAMBLETON,NORTHALLERTON,Detached,248000.0,291264.88372093026,193096.27285978166,34.054054054054056,-2.3622047244094446,234000.0,66.29576157378212,85.0,86,82.97872340425532,3.6144578313253017,73.66666666666667,1.2903225806451613,High,0.9043243243243244,90.4,Aligned,Booming
DL7,2021Q2,2021,2,HAMBLETON,NORTHALLERTON,Detached,240000.0,297961.59793814435,218276.76316856788,14.285714285714285,-3.2258064516129004,247333.33333333334,73.25667625593861,72.5,97,234.48275862068962,12.790697674418606,88.66666666666667,1.4553638409602399,High,0.7857142857142857,78.6,Aligned,Booming
DL7,2021Q3,2021,3,HAMBLETON,NORTHALLERTON,Semi-Detached,240000.0,311874.1935483871,218190.96474998078,20.0,0.0,242666.66666666666,69.96121168843314,72.5,93,78.84615384615384,-4.123711340206182,92.0,1.3953488372093021,High,0.8200000000000001,82.0,Aligned,Booming
DL7,2021Q4,2021,4,HAMBLETON,NORTHALLERTON,Detached,229475.0,279201.51666666666,223624.7732343587,-9.655511811023622,-4.385416666666664,236491.66666666666,80.09439773256676,45.0,60,-27.710843373493976,-35.483870967741936,83.33333333333333,0.9002250562640659,Medium,0.33122355563988237,33.1,Aligned,Declining
DL7,2022Q1,2022,1,RICHMONDSHIRE,NORTHALLERTON,Detached,220750.0,236541.38888888888,103313.26524636021,-10.987903225806452,-3.802157097723069,230075.0,43.6766122544794,40.0,54,-37.2093023255814,-9.999999999999998,69.0,0.8102025506376593,Medium,0.2852353713428357,28.5,Aligned,Declining
DL7,2022Q2,2022,2,HAMBLETON,NORTHALLERTON,Semi-Detached,237500.0,266745.6,114803.27106339016,-1.0416666666666665,7.587768969422415,229241.66666666666,43.03848725654338,65.0,60,-38.144329896907216,11.111111111111116,58.0,0.9002250562640659,Medium,0.34117268041237114,34.1,Aligned,Declining
DL7,2022Q3,2022,3,HAMBLETON,NORTHALLERTON,Detached,281000.0,305793.49275362317,146841.94675284508,17.083333333333332,18.31578947368422,246416.66666666666,48.01997106954632,100.0,69,-25.806451612903224,14.999999999999991,61.0,1.0352588147036759,Medium,0.4992741935483871,49.9,Divergent,Declining
DL7,2022Q4,2022,4,HAMBLETON,NORTHALLERTON,Detached,250000.0,273532.28301886795,110014.46760494335,8.94432944765225,-11.032028469750887,256166.66666666666,40.219920804505065,90.0,53,-11.666666666666666,-23.188405797101453,60.666666666666664,0.7951987996999249,Low,0.5069993100192469,50.7,Divergent,Growing
DL7,2023Q1,2023,1,NORTH YORKSHIRE,NORTHALLERTON,Detached,233975.0,311886.38636363635,218742.18407546147,5.990939977349943,-6.410000000000005,254991.66666666666,70.13521385971119,50.0,44,-18.51851851851852,-16.981132075471695,55.333333333333336,0.660165041260315,Low,0.4618715657900256,46.2,Divergent,Growing
DL7,2023Q2,2023,2,NORTH YORKSHIRE,NORTHALLERTON,Semi-Detached,245000.0,296345.03125,215071.88901838267,3.1578947368421053,4.712041884816753,242991.66666666666,72.57482540240252,80.0,64,6.666666666666667,45.45454545454546,53.666666666666664,0.9602400600150036,Medium,0.5456140350877192,54.6,Aligned,Growing
DL7,2023Q3,2023,3,NORTH YORKSHIRE,NORTHALLERTON,Semi-Detached,237475.0,271348.4583333333,135027.44407262906,-15.489323843416368,-3.0714285714285694,238816.66666666666,49.7616404021566,60.0,72,4.3478260869565215,12.5,60.0,1.080270067516879,Medium,0.42445536128732786,42.4,Divergent,Declining
DL7,2023Q4,2023,4,NORTH YORKSHIRE,NORTHALLERTON,Detached,235500.0,272157.796875,156678.15248729193,-5.800000000000001,-0.8316664912096039,239325.0,57.56886419802002,55.00000000000001,64,20.754716981132077,-11.111111111111116,66.66666666666667,0.9602400600150036,Medium,0.5482188679245283,54.8,Divergent,Declining
DL8,2020Q1,2020,1,HAMBLETON,BEDALE,Detached,256500.0,292998.0263157895,141023.5558788648,-4.022450888681011,2.6020520410408254,245498.33333333334,48.13123066121662,35.0,76,-11.627906976744185,-23.23232323232324,88.0,0.7642031171442936,Low,0.4293536667609372,42.9,Aligned,Declining
DL8,2020Q2,2020,2,HAMBLETON,BEDALE,Detached,226950.0,239433.33333333334,106290.64026683314,-9.22,-11.520467836257309,244481.66666666666,44.39258259786989,5.0,57,-32.94117647058823,-25.0,77.33333333333333,0.5731523378582202,Low,0.31291529411764707,31.3,Aligned,Declining
DL8,2020Q3,2020,3,HAMBLETON,BEDALE,Detached,249000.0,284039.8686868687,143316.9812543871,8.26086956521739,9.715796430931922,244150.0,50.456642554071394,15.0,99,11.235955056179774,73.6842105263158,77.33333333333333,0.995475113122172,Medium,0.5945090376160235,59.5,Aligned,Growing
DL8,2020Q4,2020,4,HAMBLETON,BEDALE,Detached,250000.0,300079.2213740458,185962.19475768934,0.002000040000800016,0.40160642570281624,241983.33333333334,61.97103348448418,27.500000000000004,131,32.323232323232325,32.32323232323233,95.66666666666667,1.3172448466566113,High,0.6293049295329342,62.9,Aligned,Stable
DL8,2021Q1,2021,1,HAMBLETON,BEDALE,Detached,305225.0,322539.68493150687,143567.26660430324,18.996101364522417,22.09000000000001,268075.0,44.511504571845336,80.0,146,92.10526315789474,11.45038167938932,125.33333333333333,1.4680744092508797,High,0.8139766081871345,81.4,Aligned,Booming
DL8,2021Q2,2021,2,HAMBLETON,BEDALE,Detached,318000.0,355469.0975609756,185716.7855290315,40.11896893588896,4.185436972725043,291075.0,52.24555012047832,95.0,123,115.78947368421053,-15.753424657534243,133.33333333333334,1.2368024132730016,High,0.9407138136153337,94.1,Aligned,Booming
DL8,2021Q3,2021,3,HAMBLETON,BEDALE,Detached,260000.0,302012.6328125,168835.87989234275,4.417670682730924,-18.23899371069182,294408.3333333333,55.903582019087914,40.0,128,29.292929292929294,4.065040650406515,132.33333333333334,1.2870789341377575,High,0.6436777412681027,64.4,Aligned,Growing
DL8,2021Q4,2021,4,HAMBLETON,BEDALE,Detached,288997.5,343206.27659574465,183531.12522089382,15.598999999999998,11.152884615384618,288999.1666666667,53.47545710449556,65.0,94,-28.24427480916031,-26.5625,115.0,0.9451985922574158,Medium,0.48061690076335883,48.1,Divergent,Declining
DL8,2022Q1,2022,1,HAMBLETON,BEDALE,Detached,288750.0,326099.3222222222,171556.78180778315,-5.397657465803915,-0.08564087924636254,279249.1666666667,52.60875141926079,60.0,90,-38.35616438356164,-4.255319148936165,104.0,0.9049773755656109,Medium,0.31418939767092996,31.4,Aligned,Declining
DL8,2022Q2,2022,2,NORTH YORKSHIRE,BEDALE,Detached,336000.0,394689.6145833333,260796.0652063266,5.660377358490567,16.36363636363636,304582.5,66.07624208243845,100.0,96,-21.951219512195124,6.666666666666665,93.33333333333333,0.9653092006033183,Medium,0.4461573861021629,44.6,Divergent,Declining
DL8,2022Q3,2022,3,HAMBLETON,BEDALE,Detached,294366.0,335365.0404040404,146880.43451551924,13.217692307692309,-12.391071428571433,306372.0,43.797181226332036,70.0,99,-22.65625,3.125,95.0,0.995475113122172,Medium,0.48868115384615385,48.9,Divergent,Declining
DL8,2022Q4,2022,4,HAMBLETON,BEDALE,Detached,305997.5,350334.30303030304,184131.8370232075,5.882403827022725,3.9513734602501627,312121.1666666667,52.55889458454788,85.0,132,40.42553191489361,33.33333333333333,109.0,1.3273001508295625,High,0.6969965506217108,69.7,Aligned,Growing
DL8,2023Q1,2023,1,NORTH YORKSHIRE,BEDALE,Detached,300000.0,333361.6746987952,185522.01845649854,3.896103896103896,-1.9599833331971683,300121.1666666667,55.65187378666868,75.0,83,-7.777777777777778,-37.121212121212125,104.66666666666667,0.8345902463549522,Medium,0.4922655122655123,49.2,Divergent,Growing
DL8,2023Q2,2023,2,NORTH YORKSHIRE,BEDALE,Detached,270000.0,342230.7123287671,203408.46899994658,-19.642857142857142,-9.999999999999998,291999.1666666667,59.43606510818945,50.0,73,-23.958333333333336,-12.048192771084343,96.0,0.7340372046254399,Low,0.2863095238095238,28.6,Aligned,Declining
DL8,2023Q3,2023,3,NORTH YORKSHIRE,BEDALE,Detached,282500.0,347588.58653846156,224829.13475463248,-4.031036193038598,4.629629629629628,284166.6666666667,64.68254236816104,55.00000000000001,104,5.05050505050505,42.46575342465753,86.66666666666667,1.0457516339869282,Medium,0.4960158030437887,49.6,Divergent,Declining
DL8,2023Q4,2023,4,NORTH YORKSHIRE,BEDALE,Detached,308000.0,339822.76767676766,182362.30071155832,0.654417111250909,9.026548672566381,286833.3333333333,53.6639442843387,90.0,99,-25.0,-4.807692307692313,92.0,0.995475113122172,Medium,0.4039265026675054,40.4,Divergent,Declining
DL9,2020Q1,2020,1,RICHMONDSHIRE,CATTERICK GARRISON,Semi-Detached,163000.0,165292.75862068965,60622.862783921926,3.034134007585335,30.400000000000006,142000.0,36.676054831317806,70.0,29,-59.154929577464785,-3.3333333333333326,30.666666666666668,0.7532467532467533,Low,0.318204804045512,31.8,Divergent,Declining
DL9,2020Q2,2020,2,RICHMONDSHIRE,CATTERICK GARRISON,Detached,147500.0,160999.78260869565,51089.722780753356,9.25925925925926,-9.509202453987731,145166.66666666666,31.7327899161983,45.0,23,-8.0,-20.68965517241379,27.333333333333332,0.5974025974025974,Low,0.5235555555555556,52.4,Divergent,Growing
DL9,2020Q3,2020,3,RICHMONDSHIRE,CATTERICK GARRISON,Semi-Detached,140000.0,147677.4193548387,34960.58456488221,1.4492753623188406,-5.0847457627118615,150166.66666666666,23.673615585656368,40.0,31,-6.0606060606060606,34.78260869565217,27.666666666666668,0.8051948051948052,Medium,0.4844532279314889,48.4,Divergent,Stable
DL9,2020Q4,2020,4,RICHMONDSHIRE,CATTERICK GARRISON,Terraced,156750.0,174692.3076923077,87864.22217524912,25.4,11.964285714285715,148083.33333333334,50.29656047019985,50.0,26,-13.333333333333334,-16.129032258064512,26.666666666666668,0.6753246753246753,Low,0.5990666666666666,59.9,Divergent,Growing
DL9,2021Q1,2021,1,RICHMONDSHIRE,CATTERICK GARRISON,Semi-Detached,130000.0,140433.22222222222,43749.234891433916,-20.245398773006134,-17.06539074960127,142250.0,31.153052104867974,15.0,45,55.172413793103445,73.07692307692308,34.0,1.1688311688311688,Medium,0.5785276073619632,57.9,Divergent,Declining
DL9,2021Q2,2021,2,RICHMONDSHIRE,CATTERICK GARRISON,Terraced,131500.0,201548.47222222222,177639.4818518654,-10.847457627118644,1.1538461538461497,139416.66666666666,88.13734973689338,20.0,36,56.52173913043478,-19.999999999999996,35.666666666666664,0.935064935064935,Medium,0.6349152542372881,63.5,Divergent,Declining
DL9,2021Q3,2021,3,RICHMONDSHIRE,CATTERICK GARRISON,Terraced,160000.0,223080.94594594595,296447.5015632753,14.285714285714285,21.673003802281364,140500.0,132.8878628814433,62.5,37,19.35483870967742,2.777777777777768,39.333333333333336,0.961038961038961,Medium,0.6631336405529954,66.3,Aligned,Booming
DL9,2021Q4,2021,4,RICHMONDSHIRE,CATTERICK GARRISON,Semi-Detached,160000.0,158367.94871794872,34907.69498786367,2.073365231259968,0.0,150500.0,22.0421463247174,62.5,39,50.0,5.405405405405395,37.333333333333336,1.0129870129870129,Medium,0.7124401913875598,71.2,Aligned,Stable
DL9,2022Q1,2022,1,RICHMONDSHIRE,CATTERICK GARRISON,Terraced,138750.0,151515.13888888888,61219.00224937294,6.730769230769231,-13.28125,152916.66666666666,40.40454485163155,35.0,36,-20.0,-7.692307692307687,37.333333333333336,0.935064935064935,Medium,0.46038461538461534,46.0,Divergent,Growing
DL9,2022Q2,2022,2,NORTH YORKSHIRE,CATTERICK GARRISON,Semi-Detached,163995.0,180588.3469387755,63584.293272641575,24.71102661596958,18.194594594594605,154248.33333333334,35.209521738519726,80.0,49,36.11111111111111,36.111111111111114,41.333333333333336,1.2727272727272727,High,0.7927106041402621,79.3,Aligned,Booming
DL9,2022Q3,2022,3,RICHMONDSHIRE,CATTERICK GARRISON,Semi-Detached,180000.0,190803.8775510204,80337.16972771504,12.5,9.759443885484309,160915.0,42.104579193487886,85.0,49,32.432432432432435,0.0,44.666666666666664,1.2727272727272727,High,0.7047297297297297,70.5,Aligned,Booming
DL9,2022Q4,2022,4,NORTH YORKSHIRE,CATTERICK GARRISON,Flat,112500.0,117300.35135135135,71813.6349158018,-29.6875,-37.5,152165.0,61.22201177445533,5.0,74,89.74358974358975,51.020408163265294,57.333333333333336,1.922077922077922,High,0.521875,52.2,Divergent,Declining
DL9,2023Q1,2023,1,NORTH YORKSHIRE,CATTERICK GARRISON,Semi-Detached,202475.0,219096.40625,141851.21494945357,45.92792792792793,79.97777777777777,164991.66666666666,64.74374334903248,100.0,32,-11.11111111111111,-56.75675675675676,51.666666666666664,0.8311688311688312,Medium,0.7311231231231231,73.1,Divergent,Growing
DL9,2023Q2,2023,2,NORTH YORKSHIRE,CATTERICK GARRISON,Semi-Detached,192500.0,197369.18181818182,88914.94603111397,17.381627488642945,-4.926534140017291,169158.33333333334,45.050065674905206,95.0,33,-32.6530612244898,3.125,46.333333333333336,0.8571428571428571,Medium,0.4736775200338985,47.4,Divergent,Declining
DL9,2023Q3,2023,3,NORTH YORKSHIRE,CATTERICK GARRISON,Semi-Detached,163747.5,157912.6923076923,42982.04016169473,-9.029166666666667,-14.936363636363637,186240.83333333334,27.218863495750156,75.0,26,-46.93877551020408,-21.212121212121215,30.333333333333332,0.6753246753246753,Low,0.25806989795918367,25.8,Aligned,Declining
DL9,2023Q4,2023,4,NORTH YORKSHIRE,CATTERICK GARRISON,Semi-Detached,181944.0,182357.8260869565,62822.92356750903,61.72800000000001,11.112536069252975,179397.16666666666,34.450357802331006,90.0,46,-37.83783783783784,76.92307692307692,35.0,1.1948051948051948,Medium,0.6486486486486487,64.9,Divergent,Declining
DN14,2020Q1,2020,1,SELBY,GOOLE,Detached,230000.0,240223.62068965516,125364.02991386261,26.029123686625844,17.948717948717952,198333.33333333334,52.18638764745802,57.49999999999999,29,-56.060606060606055,-44.230769230769226,46.0,0.6098843322818086,Low,0.45617474211975495,45.6,Divergent,Declining
DN14,2020Q2,2020,2,SELBY,GOOLE,Detached,185000.0,209997.2105263158,82038.51479002541,-5.128205128205128,-19.565217391304344,203333.33333333334,39.06647835198018,15.0,19,-71.64179104477611,-34.48275862068966,33.333333333333336,0.39957939011566773,Low,0.2692307692307692,26.9,Aligned,Declining
DN14,2020Q3,2020,3,SELBY,GOOLE,Semi-Detached,212500.0,231977.9411764706,99638.44425933535,25.0,14.864864864864868,209166.66666666666,42.9516891795924,35.0,34,-40.35087719298245,78.94736842105263,27.333333333333332,0.7150368033648791,Low,0.48859649122807014,48.9,Divergent,Declining
DN14,2020Q4,2020,4,SELBY,GOOLE,Detached,226750.0,249050.9375,134660.1890207612,16.28205128205128,6.705882352941184,208083.33333333334,54.06933632633333,45.0,64,23.076923076923077,88.23529411764706,39.0,1.3459516298633019,High,0.69,69.0,Aligned,Booming
DN14,2021Q1,2021,1,SELBY,GOOLE,Detached,239497.5,250927.73611111112,109962.61048090142,4.129347826086956,5.621830209481815,226249.16666666666,43.82242162030659,70.0,72,148.27586206896552,12.5,56.666666666666664,1.5141955835962146,High,0.7247760869565218,72.5,Aligned,Growing
DN14,2021Q2,2021,2,SELBY,GOOLE,Detached,230000.0,241445.88157894736,92031.97030147979,24.324324324324326,-3.9655946304241185,232082.5,38.11701806617373,57.49999999999999,76,300.0,5.555555555555558,70.66666666666667,1.598317560462671,High,0.845945945945946,84.6,Aligned,Booming
DN14,2021Q3,2021,3,SELBY,GOOLE,Detached,229240.0,234610.26229508198,89102.11002381887,7.87764705882353,-0.33043478260869064,232912.5,37.978777719343896,50.0,61,79.41176470588235,-19.736842105263154,69.66666666666667,1.2828601472134595,High,0.7472658823529412,74.7,Aligned,Growing
DN14,2021Q4,2021,4,SELBY,GOOLE,Detached,255000.0,252061.9298245614,97844.83888295131,12.458654906284455,11.237131390682254,238080.0,38.817777421228456,90.0,57,-10.9375,-6.5573770491803245,64.66666666666667,1.1987381703470033,Medium,0.5310019294377066,53.1,Divergent,Growing
DN14,2022Q1,2022,1,SELBY,GOOLE,Detached,186500.0,213047.34615384616,109121.68498660285,-22.128623472061296,-26.86274509803922,223580.0,51.219452838339365,20.0,26,-63.888888888888886,-54.385964912280706,48.0,0.5467928496319664,Low,0.1672282591676322,16.7,Aligned,Declining
DN14,2022Q2,2022,2,NORTH YORKSHIRE,GOOLE,Detached,250000.0,272612.85714285716,123999.91988425849,8.695652173913043,34.048257372654156,230500.0,45.48571963327426,85.0,35,-53.94736842105263,34.61538461538463,39.333333333333336,0.7360672975814933,Low,0.3521739130434783,35.2,Divergent,Declining
DN14,2022Q3,2022,3,SELBY,GOOLE,Detached,295000.0,303650.0,107901.29460525188,28.68609317745594,17.999999999999993,243833.33333333334,35.53475863831776,100.0,48,-21.311475409836063,37.142857142857146,36.333333333333336,1.0094637223974765,Medium,0.5868706574253914,58.7,Divergent,Declining
DN14,2022Q4,2022,4,SELBY,GOOLE,Detached,272000.0,269778.4,102557.92222754305,6.666666666666667,-7.796610169491524,272333.3333333333,38.015616605163,95.0,40,-29.82456140350877,-16.666666666666664,41.0,0.8412197686645637,Medium,0.4207017543859649,42.1,Divergent,Declining
DN14,2023Q1,2023,1,NORTH YORKSHIRE,GOOLE,Detached,225000.0,250112.90322580645,115948.45907251343,20.64343163538874,-17.279411764705888,264000.0,46.3584475559156,40.0,31,19.230769230769234,-22.499999999999996,39.666666666666664,0.6519453207150369,Low,0.7007836667354093,70.1,Aligned,Booming
DN14,2023Q2,2023,2,NORTH YORKSHIRE,GOOLE,Detached,231000.0,267430.9090909091,105625.56961397678,-7.6,2.6666666666666616,242666.66666666666,39.496395526244484,65.0,22,-37.142857142857146,-29.032258064516125,31.0,0.46267087276551,Low,0.3058285714285714,30.6,Aligned,Declining
DN14,2023Q3,2023,3,NORTH YORKSHIRE,GOOLE,Detached,246000.0,264886.0227272727,115875.6248300032,-16.610169491525422,6.493506493506485,234000.0,43.7454659317034,80.0,44,-8.333333333333332,100.0,32.333333333333336,0.92534174553102,Medium,0.36700564971751415,36.7,Aligned,Declining
DN14,2023Q4,2023,4,NORTH YORKSHIRE,GOOLE,Detached,245000.0,255793.5294117647,90381.84286843301,-9.926470588235293,-0.40650406504064707,240666.66666666666,35.33390507425247,75.0,51,27.500000000000004,15.909090909090917,39.0,1.0725552050473186,Medium,0.5504411764705883,55.0,Divergent,Declining
DN6,2020Q1,2020,1,SELBY,DONCASTER,Detached,515000.0,515000.0,177047.3266630183,151.21951219512195,52.59259259259259,335000.0,0.0,68.75,1,0.0,-50.0,1.3333333333333333,0.41025641025641024,Low,0.8,80.0,Divergent,Growing
DN6,2020Q3,2020,3,SELBY,DONCASTER,Detached,585000.0,585000.0,65000.0,283.60655737704917,13.592233009708732,479166.6666666667,11.11111111111111,93.75,3,200.0,200.0,2.0,1.2307692307692308,High,1.0,100.0,Aligned,Booming
DN6,2020Q4,2020,4,SELBY,DONCASTER,Detached,535000.0,475000.0,230922.0647751098,58.51851851851851,-8.54700854700855,545000.0,48.61517153160206,75.0,3,50.0,0.0,2.3333333333333335,1.2307692307692308,High,1.0,100.0,Aligned,Booming
DN6,2021Q1,2021,1,SELBY,DONCASTER,Detached,500000.0,555583.3333333334,198854.32272562414,-2.912621359223301,-6.542056074766355,540000.0,35.79198849118778,62.5,6,500.0,100.0,4.0,2.4615384615384617,High,0.6825242718446602,68.3,Divergent,Stable
DN6,2021Q3,2021,3,SELBY,DONCASTER,Semi-Detached,361000.0,378000.0,233963.67239381417,-38.2905982905983,-20.22099447513812,437833.3333333333,61.895151426934966,50.0,3,0.0,50.0,3.6666666666666665,1.2307692307692308,High,0.27025641025641023,27.0,Divergent,Declining
DN6,2022Q1,2022,1,SELBY,DONCASTER,Detached,560000.0,510000.0,141774.46878757825,12.0,55.12465373961219,457833.3333333333,27.798915448544754,87.5,3,-50.0,0.0,2.6666666666666665,1.2307692307692308,High,0.372,37.2,Divergent,Declining
DN6,2022Q2,2022,2,SELBY,DONCASTER,Detached,610000.0,610000.0,177047.3266630183,34.806629834254146,8.92857142857142,510333.3333333333,0.0,100.0,1,-50.0,-66.66666666666667,2.3333333333333335,0.41025641025641024,Low,0.5088397790055249,50.9,Divergent,Declining
DN6,2022Q3,2022,3,SELBY,DONCASTER,Detached,260000.0,404000.0,240478.68928451854,-27.977839335180054,-57.377049180327866,476666.6666666667,59.52442804072241,28.125,5,66.66666666666666,400.0,3.0,2.051282051282051,High,0.5321329639889196,53.2,Divergent,Declining
DN6,2023Q2,2023,2,NORTH YORKSHIRE,DONCASTER,Other,310000.0,310000.0,205060.96654409877,-49.18032786885246,-43.63636363636364,373333.3333333333,66.14869888519316,37.5,2,100.0,100.0,2.6666666666666665,0.8205128205128205,Medium,0.40491803278688526,40.5,Divergent,Declining
DN6,2023Q4,2023,4,NORTH YORKSHIRE,DONCASTER,Semi-Detached,260000.0,260000.0,113137.0849898476,-52.72727272727272,-16.129032258064512,373333.3333333333,43.514263457633696,28.125,2,100.0,0.0,1.6666666666666667,0.8205128205128205,Medium,0.4,40.0,Divergent,Declining
HG1,2020Q1,2020,1,HARROGATE,HARROGATE,Flat,234250.0,294638.13513513515,209588.04314705767,5.280898876404494,-2.3958333333333304,234750.0,71.13405162265589,30.0,148,-6.918238993710692,-26.368159203980102,188.0,0.6976196087673816,Low,0.5040124372835841,50.4,Divergent,Growing
HG1,2020Q2,2020,2,NORTH YORKSHIRE,HARROGATE,Semi-Detached,227500.0,292201.17,177607.95676336598,3.0785367831793953,-2.8815368196371427,233916.66666666666,60.782767147498404,15.0,100,-45.65217391304348,-32.432432432432435,149.66666666666666,0.47136460051850104,Low,0.33586252504690245,33.6,Divergent,Declining
HG1,2020Q3,2020,3,HARROGATE,HARROGATE,Terraced,230000.0,275055.606741573,170968.92100990404,0.0,1.098901098901095,230583.33333333334,62.157948000142724,22.5,178,-17.209302325581397,78.0,142.0,0.8390289889229319,Medium,0.4311627906976744,43.1,Divergent,Stable
HG1,2020Q4,2020,4,NORTH YORKSHIRE,HARROGATE,Terraced,237750.0,308737.1810344828,234500.87036027113,-0.9375,3.3695652173913127,231750.0,75.95485246530116,45.0,232,15.422885572139302,30.337078651685403,170.0,1.0935658732029225,Medium,0.5560665422885572,55.6,Divergent,Stable
HG1,2021Q1,2021,1,NORTH YORKSHIRE,HARROGATE,Terraced,250000.0,335786.7,260658.87220833352,6.7235859124866595,5.152471083070442,239250.0,77.62632415409351,60.0,280,89.1891891891892,20.68965517241379,230.0,1.3198208814518029,High,0.74034151547492,74.0,Aligned,Growing
HG1,2021Q2,2021,2,NORTH YORKSHIRE,HARROGATE,Terraced,255000.0,338226.8463768116,264081.1393970219,12.087912087912088,2.0000000000000018,247583.33333333334,78.07811302560368,70.0,345,245.00000000000003,23.214285714285722,285.6666666666667,1.6262078717888286,High,0.7725274725274726,77.3,Aligned,Booming
HG1,2021Q3,2021,3,HARROGATE,HARROGATE,Terraced,235000.0,272184.934375,159390.48643108728,2.1739130434782608,-7.843137254901967,246666.66666666666,58.559628510330654,35.0,320,79.7752808988764,-7.246376811594201,315.0,1.5083667216592034,High,0.7130434782608696,71.3,Aligned,Stable
HG1,2021Q4,2021,4,HARROGATE,HARROGATE,Flat,246475.0,290971.83009708737,162756.6279501474,3.6698212407991586,4.882978723404263,245491.66666666666,55.93552746870413,55.00000000000001,206,-11.206896551724139,-35.62499999999999,290.3333333333333,0.9710110770681122,Medium,0.47719134123789836,47.7,Divergent,Growing
HG1,2022Q1,2022,1,NORTH YORKSHIRE,HARROGATE,Flat,270000.0,349912.7340425532,251424.15318247068,8.0,9.54457855766304,250491.66666666666,71.8533876369,90.0,188,-32.857142857142854,-8.737864077669899,238.0,0.886165448974782,Medium,0.4165714285714286,41.7,Divergent,Declining
HG1,2022Q2,2022,2,HARROGATE,HARROGATE,Flat,265000.0,364316.71369294607,295162.15699635085,3.9215686274509802,-1.851851851851849,260491.66666666666,81.01801150004879,85.0,241,-30.144927536231886,28.191489361702125,211.66666666666666,1.1359886872495875,Medium,0.4029497016197783,40.3,Divergent,Declining
HG1,2022Q3,2022,3,HARROGATE,HARROGATE,Semi-Detached,279500.0,340671.610619469,236879.76262040844,18.93617021276596,5.471698113207557,271500.0,69.5331677886725,95.0,226,-29.375,-6.224066390041494,218.33333333333334,1.0652839971718124,Medium,0.49611702127659574,49.6,Divergent,Declining
HG1,2022Q4,2022,4,NORTH YORKSHIRE,HARROGATE,Terraced,260250.0,323656.34016393445,218756.9881526259,5.588802109747439,-6.887298747763859,268250.0,67.58927943195052,80.0,244,18.446601941747574,7.964601769911495,237.0,1.1501296252651425,Medium,0.6073192204254749,60.7,Aligned,Growing
HG1,2023Q1,2023,1,NORTH YORKSHIRE,HARROGATE,Terraced,250100.0,350789.92307692306,305295.78480083094,-7.37037037037037,-3.9000960614793523,263283.3333333333,87.0309449379149,65.0,156,-17.02127659574468,-36.065573770491795,208.66666666666666,0.7353287768088617,Low,0.387692671394799,38.8,Aligned,Declining
HG1,2023Q2,2023,2,NORTH YORKSHIRE,HARROGATE,Terraced,260000.0,350990.92462311557,282324.22313488537,-1.8867924528301887,3.958416633346662,256783.33333333334,80.43633134903342,75.0,199,-17.42738589211618,27.564102564102555,199.66666666666666,0.9380155550318171,Medium,0.41896970171455417,41.9,Aligned,Stable
HG1,2023Q3,2023,3,NORTH YORKSHIRE,HARROGATE,Semi-Detached,285000.0,355272.29857819906,278727.5252595367,1.9677996422182469,9.615384615384626,265033.3333333333,78.45461815486465,100.0,211,-6.637168141592921,6.030150753768848,188.66666666666666,0.9945793070940372,Medium,0.4852581252869378,48.5,Divergent,Stable
HG1,2023Q4,2023,4,NORTH YORKSHIRE,HARROGATE,Terraced,236000.0,304031.8714285714,249741.0358014755,-9.317963496637848,-17.19298245614035,260333.33333333334,82.14304461831696,40.0,210,-13.934426229508196,-0.4739336492891044,206.66666666666666,0.9898656610888522,Medium,0.38835451410214017,38.8,Aligned,Declining
HG2,2020Q1,2020,1,HARROGATE,HARROGATE,Semi-Detached,310000.0,359915.0,180194.3843367056,11.913357400722022,-1.595111499087376,312508.3333333333,50.065816744705174,25.0,129,-1.5267175572519083,-21.34146341463414,159.66666666666666,0.7827669902912621,Low,0.5653732741753246,56.5,Divergent,Growing
HG2,2020Q2,2020,2,HARROGATE,HARROGATE,Detached,278750.0,388406.4516129032,286039.3364676871,-8.60655737704918,-10.080645161290324,301258.3333333333,73.64433193111888,10.0,62,-52.67175572519084,-51.93798449612403,118.33333333333333,0.3762135922330097,Low,0.2483606557377049,24.8,Aligned,Declining
HG2,2020Q3,2020,3,HARROGATE,HARROGATE,Detached,345000.0,417341.5642857143,242558.49079752754,10.4,23.76681614349776,311250.0,58.11989783779856,65.0,140,-24.731182795698924,125.80645161290325,110.33333333333333,0.8495145631067961,Medium,0.4634752688172043,46.3,Divergent,Declining
HG2,2020Q4,2020,4,HARROGATE,HARROGATE,Semi-Detached,370000.0,423340.5649717514,255003.9184710686,17.45099595270217,7.246376811594213,331250.0,60.236117105405306,95.0,177,7.926829268292683,26.428571428571423,126.33333333333333,1.0740291262135921,Medium,0.6364132927893837,63.6,Aligned,Growing
HG2,2021Q1,2021,1,HARROGATE,HARROGATE,Semi-Detached,364997.5,428396.09420289856,248671.62398290748,17.741129032258065,-1.3520270270270252,359999.1666666667,58.04712679409507,90.0,276,113.95348837209302,55.93220338983051,197.66666666666666,1.674757281553398,High,0.8064467741935484,80.6,Aligned,Booming
HG2,2021Q2,2021,2,HARROGATE,HARROGATE,Semi-Detached,360000.0,423836.6996805112,249894.58411817448,29.14798206278027,-1.3691874601880816,364999.1666666667,58.96010994483145,85.0,313,404.8387096774194,13.405797101449268,255.33333333333334,1.899271844660194,High,0.8748878923766816,87.5,Aligned,Booming
HG2,2021Q3,2021,3,HARROGATE,HARROGATE,Semi-Detached,323000.0,390072.3101604278,261029.38203653714,-6.3768115942028984,-10.277777777777775,349332.5,66.9182034298158,45.0,187,33.57142857142857,-40.2555910543131,258.6666666666667,1.1347087378640777,Medium,0.5960248447204969,59.6,Divergent,Declining
HG2,2021Q4,2021,4,HARROGATE,HARROGATE,Semi-Detached,324995.0,427343.728,296216.1489511359,-12.163513513513513,0.6176470588235228,335998.3333333333,69.3156654802094,50.0,125,-29.37853107344633,-33.155080213903744,208.33333333333334,0.7584951456310679,Low,0.3095047946251336,31.0,Aligned,Declining
HG2,2022Q1,2022,1,HARROGATE,HARROGATE,Semi-Detached,300000.0,387235.5714285714,233234.5097317303,-17.807656216823403,-7.6908875521161875,315998.3333333333,60.230652073437476,15.0,140,-49.275362318840585,12.00000000000001,150.66666666666666,0.8495145631067961,Medium,0.19605261342369723,19.6,Aligned,Declining
HG2,2022Q2,2022,2,HARROGATE,HARROGATE,Flat,328250.0,411913.7272727273,253247.03084275284,-8.819444444444445,9.416666666666673,317748.3333333333,61.4805999594858,55.00000000000001,154,-50.798722044728436,10.000000000000009,139.66666666666666,0.9344660194174756,Medium,0.24708333333333335,24.7,Aligned,Declining
HG2,2022Q3,2022,3,HARROGATE,HARROGATE,Semi-Detached,357500.0,472098.4744897959,327124.76698540535,10.68111455108359,8.910891089108919,328583.3333333333,69.291638219957,80.0,196,4.81283422459893,27.27272727272727,163.33333333333334,1.1893203883495145,Medium,0.5833380242048973,58.3,Aligned,Growing
HG2,2022Q4,2022,4,HARROGATE,HARROGATE,Semi-Detached,335000.0,427233.2670157068,292709.78738263296,3.0785089001369252,-6.2937062937062915,340250.0,68.5128734068997,60.0,191,52.800000000000004,-2.5510204081632626,180.33333333333334,1.1589805825242718,Medium,0.7184710534008216,71.8,Aligned,Growing
HG2,2023Q1,2023,1,NORTH YORKSHIRE,HARROGATE,Semi-Detached,317000.0,404228.74803149607,271991.9129026522,5.666666666666666,-5.3731343283582085,336500.0,67.28663268686165,40.0,127,-9.285714285714286,-33.50785340314136,171.33333333333334,0.770631067961165,Low,0.49685714285714283,49.7,Divergent,Growing
HG2,2023Q2,2023,2,NORTH YORKSHIRE,HARROGATE,Flat,400000.0,458534.8074074074,266379.78807117336,21.85833968012186,26.182965299684536,350666.6666666667,58.093689675884384,100.0,135,-12.337662337662337,6.299212598425208,151.0,0.8191747572815533,Medium,0.5817993887300819,58.2,Divergent,Growing
HG2,2023Q3,2023,3,NORTH YORKSHIRE,HARROGATE,Flat,347500.0,414398.86666666664,243686.4063929373,-2.797202797202797,-13.124999999999998,354833.3333333333,58.80479557125654,75.0,195,-0.5102040816326531,44.44444444444444,152.33333333333334,1.183252427184466,Medium,0.4811759668902526,48.1,Aligned,Stable
HG2,2023Q4,2023,4,NORTH YORKSHIRE,HARROGATE,Semi-Detached,347000.0,434645.2700729927,286975.34644384746,3.582089552238806,-0.14388489208633226,364833.3333333333,66.02518564061538,70.0,137,-28.272251308900525,-29.743589743589748,155.66666666666666,0.8313106796116504,Medium,0.40840353207783076,40.8,Divergent,Declining
HG3,2020Q1,2020,1,HARROGATE,HARROGATE,Detached,340000.0,386018.4705882353,283165.9421141256,4.615545562377788,-12.82051282051282,358583.1666666667,73.35554220569352,20.0,102,-12.068965517241379,-36.64596273291926,139.66666666666666,0.6071428571428571,Low,0.47941741130530124,47.9,Divergent,Growing
HG3,2020Q2,2020,2,HARROGATE,HARROGATE,Detached,320000.0,368047.52,202304.57649820435,-7.907043672206633,-5.882352941176472,350000.0,54.966971791632865,5.0,75,-49.32432432432432,-26.470588235294112,112.66666666666667,0.44642857142857145,Low,0.2552604406694629,25.5,Aligned,Declining
HG3,2020Q3,2020,3,HARROGATE,HARROGATE,Detached,355000.0,430923.49707602337,225710.31150896713,2.6754919385277494,10.9375,338333.3333333333,52.37827898466799,40.0,171,9.615384615384617,127.99999999999999,116.0,1.0178571428571428,Medium,0.5545144900927049,55.5,Aligned,Stable
HG3,2020Q4,2020,4,HARROGATE,HARROGATE,Detached,382999.0,429628.95884773665,211223.07434886644,-1.7951282051282051,7.887042253521126,352666.3333333333,49.164068203262175,60.0,243,50.931677018633536,42.10526315789473,163.0,1.4464285714285714,High,0.6892292307692307,68.9,Divergent,Stable
HG3,2021Q1,2021,1,HARROGATE,HARROGATE,Detached,437000.0,484803.9269230769,297030.78559460514,28.52941176470588,14.099514620142607,391666.3333333333,61.26823012341948,95.0,260,154.90196078431373,6.995884773662553,224.66666666666666,1.5476190476190477,High,0.8711764705882352,87.1,Aligned,Booming
HG3,2021Q2,2021,2,HARROGATE,HARROGATE,Detached,399972.5,462128.7909090909,260355.55707847505,24.99140625,-8.473112128146454,406657.1666666667,56.33831135392119,85.0,330,340.0,26.923076923076916,277.6666666666667,1.9642857142857142,High,0.8499484374999999,85.0,Aligned,Booming
HG3,2021Q3,2021,3,HARROGATE,HARROGATE,Detached,351495.0,409783.36666666664,232221.54892360728,-0.9873239436619718,-12.120208264318165,396155.8333333333,56.66934478394901,35.0,180,5.263157894736842,-45.45454545454546,256.6666666666667,1.0714285714285714,Medium,0.5151286879169755,51.5,Divergent,Stable
HG3,2021Q4,2021,4,HARROGATE,HARROGATE,Detached,365000.0,429995.42372881353,290419.6416228164,-4.6994900769975905,3.842159916926269,372155.8333333333,67.54017033585367,45.0,177,-27.160493827160494,-1.6666666666666718,229.0,1.0535714285714286,Medium,0.36316108422937243,36.3,Aligned,Declining
HG3,2022Q1,2022,1,HARROGATE,HARROGATE,Detached,332500.0,457176.3985507246,320617.0050482507,-23.91304347826087,-8.904109589041099,349665.0,70.12982430077865,15.0,138,-46.92307692307692,-22.033898305084744,165.0,0.8214285714285714,Medium,0.1688294314381271,16.9,Aligned,Declining
HG3,2022Q2,2022,2,HARROGATE,HARROGATE,Detached,390500.0,463858.39240506326,282181.048065372,-2.3682878197876107,17.443609022556394,362666.6666666667,60.83344673409682,80.0,158,-52.121212121212125,14.492753623188403,157.66666666666666,0.9404761904761905,Medium,0.2857902730812743,28.6,Aligned,Declining
HG3,2022Q3,2022,3,HARROGATE,HARROGATE,Detached,383500.0,455676.16161616164,300994.323175306,9.105392679838973,-1.7925736235595346,368833.3333333333,66.0544370167971,65.0,198,10.0,25.31645569620253,164.66666666666666,1.1785714285714286,Medium,0.5946323560790339,59.5,Aligned,Growing
HG3,2022Q4,2022,4,NORTH YORKSHIRE,HARROGATE,Detached,387500.0,442223.1403508772,223289.1286028061,6.164383561643835,1.04302477183833,387166.6666666667,50.49241168737568,70.0,228,28.8135593220339,15.15151515151516,194.66666666666666,1.3571428571428572,High,0.6522405386579986,65.2,Aligned,Growing
HG3,2023Q1,2023,1,NORTH YORKSHIRE,HARROGATE,Detached,448750.0,528533.6875,329676.06766867416,34.962406015037594,15.806451612903217,406583.3333333333,62.375601681713846,100.0,96,-30.434782608695656,-57.89473684210527,174.0,0.5714285714285714,Low,0.588035305655443,58.8,Divergent,Declining
HG3,2023Q2,2023,2,NORTH YORKSHIRE,HARROGATE,Detached,378700.0,498130.8292682927,362430.8656375476,-3.021766965428937,-15.610027855153207,404983.3333333333,72.75816800376008,55.00000000000001,123,-22.151898734177212,28.125,149.0,0.7321428571428571,Low,0.3932618032707175,39.3,Aligned,Declining
HG3,2023Q3,2023,3,NORTH YORKSHIRE,HARROGATE,Detached,427500.0,500890.5294117647,292626.51764672564,11.473272490221643,12.886189595986263,418316.6666666667,58.42125184326804,90.0,170,-14.14141414141414,38.21138211382114,129.66666666666666,1.0119047619047619,Medium,0.5122739783756732,51.2,Divergent,Growing
HG3,2023Q4,2023,4,NORTH YORKSHIRE,HARROGATE,Detached,368750.0,428847.6307692308,223619.93218696868,-4.838709677419355,-13.742690058479534,391650.0,52.14437859569332,50.0,130,-42.98245614035088,-23.529411764705888,141.0,0.7738095238095238,Low,0.29903791737408036,29.9,Aligned,Declining
HG4,2020Q1,2020,1,HARROGATE,RIPON,Detached,257500.0,305571.55555555556,178265.64421419965,7.291666666666667,6.404958677685957,250666.66666666666,58.33842874874177,30.0,90,-7.216494845360824,-31.29770992366412,113.66666666666667,0.6880733944954128,Low,0.5148840206185566,51.5,Divergent,Growing
HG4,2020Q2,2020,2,HARROGATE,RIPON,Detached,260000.0,292674.72857142857,163098.71712838594,14.411441144114413,0.9708737864077666,253166.66666666666,55.7269559707069,42.5,70,-25.53191489361702,-22.22222222222222,97.0,0.5351681957186544,Low,0.48434098729021835,48.4,Divergent,Declining
HG4,2020Q3,2020,3,HARROGATE,RIPON,Terraced,260000.0,292148.0695652174,133506.1296428864,2.9702970297029703,0.0,259166.66666666666,45.69810433509754,42.5,115,-4.166666666666666,64.28571428571428,91.66666666666667,0.8792048929663607,Medium,0.5011551155115512,50.1,Divergent,Stable
HG4,2020Q4,2020,4,HARROGATE,RIPON,Detached,262058.5,320617.3333333333,218053.036318783,8.288636363636364,0.7917307692307585,260686.16666666666,68.01037050984445,55.00000000000001,210,60.30534351145038,82.6086956521739,131.66666666666666,1.6055045871559632,High,0.7497318181818182,75.0,Aligned,Growing
HG4,2021Q1,2021,1,HARROGATE,RIPON,Detached,260000.0,310098.5223880597,166957.65036427873,0.9708737864077669,-0.7855116319447797,260686.16666666666,53.84019539291665,42.5,201,123.33333333333334,-4.285714285714281,175.33333333333334,1.5366972477064218,High,0.7058252427184466,70.6,Aligned,Stable
HG4,2021Q2,2021,2,HARROGATE,RIPON,Detached,310000.0,378605.3171806167,248738.86022053423,19.230769230769234,19.23076923076923,277352.8333333333,65.69872342861771,90.0,227,224.28571428571428,12.935323383084585,212.66666666666666,1.7354740061162077,High,0.8153846153846154,81.5,Aligned,Booming
HG4,2021Q3,2021,3,HARROGATE,RIPON,Detached,260000.0,324720.1920903955,230409.2123222323,0.0,-16.129032258064512,276666.6666666667,70.95623183731398,42.5,177,53.91304347826087,-22.02643171806168,201.66666666666666,1.353211009174312,High,0.7,70.0,Divergent,Stable
HG4,2021Q4,2021,4,NORTH YORKSHIRE,RIPON,Semi-Detached,278000.0,338793.12903225806,224282.31298061472,6.0831837166128935,6.923076923076921,282666.6666666667,66.20037236919872,65.0,124,-40.95238095238095,-29.943502824858758,176.0,0.948012232415902,Medium,0.37268957849015355,37.3,Divergent,Declining
HG4,2022Q1,2022,1,HARROGATE,RIPON,Detached,237750.0,315094.2686567164,223564.85057341246,-8.557692307692308,-14.47841726618705,258583.33333333334,70.95173502409152,10.0,134,-33.33333333333333,8.064516129032251,145.0,1.0244648318042813,Medium,0.3153205128205129,31.5,Aligned,Declining
HG4,2022Q2,2022,2,HARROGATE,RIPON,Detached,285000.0,335536.9496402878,221385.49154092348,-8.064516129032258,19.873817034700323,266916.6666666667,65.97946717291782,77.5,139,-38.76651982378855,3.731343283582089,132.33333333333334,1.0626911314984708,Medium,0.29654682393065224,29.7,Aligned,Declining
HG4,2022Q3,2022,3,NORTH YORKSHIRE,RIPON,Detached,315000.0,392568.82481751824,254307.10354854123,21.153846153846153,10.526315789473696,279250.0,64.78025952946044,95.0,137,-22.598870056497177,-1.4388489208633115,136.66666666666666,1.047400611620795,Medium,0.5365275966970882,53.7,Divergent,Declining
HG4,2022Q4,2022,4,HARROGATE,RIPON,Detached,288500.0,354042.8676470588,227779.75399302522,3.776978417266187,-8.412698412698417,296166.6666666667,64.33677241031054,85.0,136,9.67741935483871,-0.7299270072992692,137.33333333333334,1.039755351681957,Medium,0.561371547922952,56.1,Aligned,Growing
HG4,2023Q1,2023,1,NORTH YORKSHIRE,RIPON,Detached,271250.0,316603.43023255817,183436.49325850466,14.090431125131442,-5.97920277296361,291583.3333333333,57.93888370816547,60.0,86,-35.82089552238806,-36.76470588235294,119.66666666666667,0.6574923547400611,Low,0.4412590046612364,44.1,Divergent,Declining
HG4,2023Q2,2023,2,NORTH YORKSHIRE,RIPON,Terraced,285000.0,343944.44897959183,218962.9409481013,0.0,5.069124423963123,281583.3333333333,63.662298257092566,77.5,98,-29.496402877697843,13.953488372093027,106.66666666666667,0.7492354740061161,Low,0.3820143884892086,38.2,Divergent,Declining
HG4,2023Q3,2023,3,NORTH YORKSHIRE,RIPON,Detached,284975.0,367368.75,255389.41325531682,-9.531746031746032,-0.0087719298245581,280408.3333333333,69.51854594472633,70.0,120,-12.408759124087592,22.44897959183674,101.33333333333333,0.9174311926605504,Medium,0.39317448731317345,39.3,Aligned,Declining
HG4,2023Q4,2023,4,NORTH YORKSHIRE,RIPON,Detached,339997.5,399383.2636363636,285860.2148865506,17.85008665511265,19.307834020528112,303324.1666666667,71.57541161935741,100.0,110,-19.11764705882353,-8.333333333333337,109.33333333333333,0.8409785932721712,Medium,0.5306299316953818,53.1,Divergent,Growing
HG5,2020Q1,2020,1,HARROGATE,KNARESBOROUGH,Detached,327750.0,363264.70588235295,172051.3421416643,6.067961165048544,7.990115321252067,307083.3333333333,47.36252637694589,50.0,68,-10.526315789473683,-28.421052631578945,95.0,0.6570048309178744,Low,0.4943025038323965,49.4,Divergent,Growing
HG5,2020Q2,2020,2,HARROGATE,KNARESBOROUGH,Semi-Detached,285000.0,314795.55555555556,141134.48044580413,-10.094637223974763,-13.043478260869568,305416.6666666667,44.83369537944335,10.0,45,-49.43820224719101,-33.82352941176471,69.33333333333333,0.43478260869565216,Low,0.24167936766738735,24.2,Aligned,Declining
HG5,2020Q3,2020,3,HARROGATE,KNARESBOROUGH,Semi-Detached,280125.0,327086.74418604653,175056.467939663,-3.405172413793103,-1.7105263157894735,297625.0,53.51989068688492,5.0,86,-29.508196721311474,91.11111111111111,66.33333333333333,0.8309178743961353,Medium,0.3615361786319955,36.2,Aligned,Declining
HG5,2020Q4,2020,4,HARROGATE,KNARESBOROUGH,Detached,306000.0,357928.8017241379,201457.38850396784,0.8237232289950577,9.236947791164663,290375.0,56.284207231592006,25.0,116,22.105263157894736,34.883720930232556,82.33333333333333,1.1207729468599035,Medium,0.5933633920055492,59.3,Aligned,Stable
HG5,2021Q1,2021,1,HARROGATE,KNARESBOROUGH,Detached,320975.0,397878.1307692308,224940.5268815692,-2.067124332570557,4.893790849673207,302366.6666666667,56.53503158031942,45.0,130,91.17647058823529,12.06896551724137,110.66666666666667,1.2560386473429952,High,0.6875972540045767,68.8,Divergent,Stable
HG5,2021Q2,2021,2,HARROGATE,KNARESBOROUGH,Detached,365000.0,425293.6358974359,212721.3613333439,28.07017543859649,13.716021497001329,330658.3333333333,50.0175275100152,85.0,195,333.33333333333337,50.0,147.0,1.8840579710144927,High,0.868421052631579,86.8,Aligned,Booming
HG5,2021Q3,2021,3,HARROGATE,KNARESBOROUGH,Semi-Detached,307500.0,356836.5254237288,203682.64593367322,9.772423025435073,-15.753424657534243,331158.3333333333,57.080100107971965,30.0,118,37.2093023255814,-39.48717948717949,147.66666666666666,1.1400966183574879,Medium,0.7074717474549361,70.7,Aligned,Growing
HG5,2021Q4,2021,4,HARROGATE,KNARESBOROUGH,Detached,357500.0,415478.7981651376,232029.53771691557,16.830065359477125,16.260162601626014,343333.3333333333,55.84630039886953,70.0,109,-6.0344827586206895,-7.6271186440677985,140.66666666666666,1.0531400966183575,Medium,0.5768424611223799,57.7,Divergent,Growing
HG5,2022Q1,2022,1,HARROGATE,KNARESBOROUGH,Detached,355000.0,400717.2727272727,248173.65700615733,10.600514058727315,-0.6993006993006978,340000.0,61.93235827272756,65.0,88,-32.30769230769231,-19.266055045871553,105.0,0.8502415458937198,Medium,0.4343723151215947,43.4,Divergent,Declining
HG5,2022Q2,2022,2,HARROGATE,KNARESBOROUGH,Detached,361250.0,441877.70175438595,277300.9251576539,-1.0273972602739725,1.760563380281699,357916.6666666667,62.75512976932005,75.0,114,-41.53846153846154,29.54545454545454,103.66666666666667,1.1014492753623188,Medium,0.32768177028451,32.8,Aligned,Declining
HG5,2022Q3,2022,3,NORTH YORKSHIRE,KNARESBOROUGH,Detached,365000.0,411190.8547008547,240430.4750950586,18.69918699186992,1.038062283737018,360416.6666666667,58.47174671965263,85.0,117,-0.847457627118644,2.6315789473684292,106.33333333333333,1.1304347826086956,Medium,0.6088052914427449,60.9,Divergent,Growing
HG5,2022Q4,2022,4,HARROGATE,KNARESBOROUGH,Detached,365000.0,400003.48780487804,196624.30684647933,2.097902097902098,0.0,363750.0,49.15564809834678,85.0,123,12.844036697247708,5.128205128205132,118.0,1.1884057971014492,Medium,0.5639635593764034,56.4,Aligned,Stable
HG5,2023Q1,2023,1,HARROGATE,KNARESBOROUGH,Detached,370000.0,408921.5205479452,245359.56748130725,4.225352112676056,1.3698630136986356,366666.6666666667,60.00162748894488,95.0,73,-17.045454545454543,-40.65040650406504,104.33333333333333,0.7053140096618358,Low,0.45717029449423807,45.7,Divergent,Growing
HG5,2023Q2,2023,2,NORTH YORKSHIRE,KNARESBOROUGH,Semi-Detached,345000.0,390964.8350515464,228824.5367506273,-4.498269896193772,-6.756756756756754,360000.0,58.52816320947589,55.00000000000001,97,-14.912280701754385,32.87671232876712,97.66666666666667,0.9371980676328503,Medium,0.4133612578158198,41.3,Aligned,Declining
HG5,2023Q3,2023,3,NORTH YORKSHIRE,KNARESBOROUGH,Detached,375000.0,427227.68224299065,235379.52807855446,2.73972602739726,8.695652173913038,363333.3333333333,55.094634046835864,100.0,107,-8.547008547008547,10.309278350515472,92.33333333333333,1.0338164251207729,Medium,0.48225032197634937,48.2,Divergent,Stable
HG5,2023Q4,2023,4,NORTH YORKSHIRE,KNARESBOROUGH,Detached,349975.0,416885.8137254902,294303.032013251,-4.116438356164384,-6.673333333333331,356658.3333333333,70.59559772092481,60.0,102,-17.073170731707318,-4.672897196261683,102.0,0.9855072463768116,Medium,0.4070086869361844,40.7,Aligned,Declining
LA2,2020Q1,2020,1,CRAVEN,LANCASTER,Other,374250.0,394950.0,228432.393353774,75.49824150058618,65.23178807947019,281916.6666666667,57.838306963862266,100.0,10,-50.0,-72.22222222222221,25.333333333333332,0.38095238095238093,Low,0.6,60.0,Divergent,Declining
LA2,2020Q2,2020,2,CRAVEN,LANCASTER,Detached,293750.0,323403.0,173044.50513283184,76.95783132530121,-21.509686038744157,298166.6666666667,53.5073902013376,90.0,10,-16.666666666666664,0.0,18.666666666666668,0.38095238095238093,Low,0.7333333333333334,73.3,Divergent,Growing
LA2,2020Q3,2020,3,CRAVEN,LANCASTER,Semi-Detached,200000.0,262216.2068965517,140936.7640978898,-18.367346938775512,-31.914893617021278,289333.3333333333,53.748304029693905,12.5,29,-3.3333333333333335,190.0,16.333333333333332,1.1047619047619048,Medium,0.37646258503401353,37.6,Aligned,Declining
LA2,2020Q4,2020,4,CRAVEN,LANCASTER,Detached,274000.0,350206.93333333335,276820.7497689697,20.97130242825607,37.000000000000014,255916.66666666666,79.04490843003575,75.0,45,25.0,55.172413793103445,28.0,1.7142857142857142,High,0.7258278145695365,72.6,Aligned,Booming
LA2,2021Q1,2021,1,CRAVEN,LANCASTER,Terraced,235000.0,268669.0714285714,128075.6562448764,-37.20774883099532,-14.233576642335766,236333.33333333334,47.67041310853926,47.5,42,320.0,-6.666666666666665,38.666666666666664,1.6,High,0.4767535070140281,47.7,Divergent,Declining
LA2,2021Q2,2021,2,CRAVEN,LANCASTER,Detached,249640.5,272228.85294117645,131125.13191561258,-15.015999999999998,6.230000000000002,252880.16666666666,48.167242560415254,65.0,34,240.0,-19.047619047619047,40.333333333333336,1.2952380952380953,High,0.609904,61.0,Divergent,Declining
LA2,2021Q3,2021,3,CRAVEN,LANCASTER,Terraced,200000.0,237903.84615384616,116280.49253999628,0.0,-19.884794334252653,228213.5,48.87709653285754,12.5,39,34.48275862068966,14.705882352941169,38.333333333333336,1.4857142857142858,High,0.6379310344827587,63.8,Divergent,Stable
LA2,2021Q4,2021,4,NORTH YORKSHIRE,LANCASTER,Other,207500.0,291245.2083333333,238911.96273595426,-24.27007299270073,3.750000000000009,219046.83333333334,82.03120803365009,25.0,24,-46.666666666666664,-38.46153846153846,32.333333333333336,0.9142857142857143,Medium,0.16771289537712894,16.8,Aligned,Declining
LA2,2022Q1,2022,1,CRAVEN,LANCASTER,Detached,270000.0,311469.23076923075,165260.46295283278,14.893617021276595,30.12048192771084,225833.33333333334,53.05835910169732,70.0,26,-38.095238095238095,8.333333333333325,29.666666666666668,0.9904761904761905,Medium,0.4369807497467072,43.7,Divergent,Declining
LA2,2022Q2,2022,2,CRAVEN,LANCASTER,Terraced,202500.0,275330.67741935485,191748.65644699,-18.883354263430814,-25.0,226666.66666666666,69.6430409586864,20.0,31,-8.823529411764707,19.23076923076923,27.0,1.180952380952381,Medium,0.3514057567723563,35.1,Aligned,Declining
LA2,2022Q3,2022,3,CRAVEN,LANCASTER,Terraced,210000.0,257415.32258064515,143124.31727310517,5.0,3.703703703703698,227500.0,55.60054305946222,30.0,31,-20.51282051282051,0.0,29.333333333333332,1.180952380952381,Medium,0.447948717948718,44.8,Divergent,Declining
LA2,2022Q4,2022,4,CRAVEN,LANCASTER,Detached,290000.0,333035.18518518517,190020.2184661567,39.75903614457831,38.095238095238095,234166.66666666666,57.05709994590974,85.0,27,12.5,-12.903225806451612,29.666666666666668,1.0285714285714285,Medium,0.7885542168674698,78.9,Aligned,Booming
LA2,2023Q1,2023,1,NORTH YORKSHIRE,LANCASTER,Terraced,235000.0,390133.3333333333,407022.96647498314,-12.962962962962962,-18.965517241379317,245000.0,104.32919509782548,47.5,15,-42.30769230769231,-44.44444444444444,24.333333333333332,0.5714285714285714,Low,0.252991452991453,25.3,Aligned,Declining
LA2,2023Q2,2023,2,NORTH YORKSHIRE,LANCASTER,Detached,315000.0,302476.1904761905,130160.90774407618,55.55555555555556,34.04255319148937,280000.0,43.03178625040302,95.0,21,-32.25806451612903,39.99999999999999,21.0,0.8,Medium,0.6709677419354838,67.1,Divergent,Declining
LA2,2023Q3,2023,3,NORTH YORKSHIRE,LANCASTER,Terraced,249375.0,301203.125,200331.7918427244,18.75,-20.833333333333336,266458.3333333333,66.5105290135102,60.0,16,-48.38709677419355,-23.809523809523814,17.333333333333332,0.6095238095238096,Low,0.41895161290322575,41.9,Divergent,Declining
LA2,2023Q4,2023,4,NORTH YORKSHIRE,LANCASTER,Terraced,279500.0,347046.2962962963,210110.43384094923,-3.620689655172414,12.080200501253135,281291.6666666667,60.542479802626715,80.0,27,0.0,68.75,21.333333333333332,1.0285714285714285,Medium,0.4782758620689655,47.8,Divergent,Declining
LA6,2020Q1,2020,1,CRAVEN,CARNFORTH,Terraced,178000.0,193178.57142857142,86045.2937842482,14.838709677419354,-14.73053892215569,200583.33333333334,44.54184185540673,10.0,14,-22.22222222222222,-30.000000000000004,18.333333333333332,0.8259587020648967,Medium,0.5001433691756273,50.0,Divergent,Declining
LA6,2020Q2,2020,2,CRAVEN,CARNFORTH,Terraced,229500.0,438375.0,529651.3509578056,-5.942622950819672,28.932584269662918,205416.66666666666,120.82152288743784,55.00000000000001,8,-60.0,-42.85714285714286,14.0,0.471976401179941,Low,0.26434426229508196,26.4,Aligned,Declining
LA6,2020Q3,2020,3,CRAVEN,CARNFORTH,Terraced,209375.0,231265.625,77977.85309250742,-2.616279069767442,-8.769063180827885,205625.0,33.717874453891454,25.0,16,-23.809523809523807,100.0,12.666666666666666,0.943952802359882,Medium,0.38906423034330007,38.9,Aligned,Declining
LA6,2020Q4,2020,4,CRAVEN,CARNFORTH,Terraced,244225.0,258880.55555555556,94681.8047910829,16.994011976047904,16.644776119402984,227700.0,36.573548209480826,65.0,18,-10.0,12.5,14.0,1.0619469026548674,Medium,0.5619640718562874,56.2,Divergent,Growing
LA6,2021Q1,2021,1,CRAVEN,CARNFORTH,Terraced,226250.0,355543.1818181818,392455.1846709484,27.10674157303371,-7.360016378339651,226616.66666666666,110.38186210293937,45.0,22,57.14285714285714,22.222222222222232,18.666666666666668,1.2979351032448379,High,0.8626404494382022,86.3,Aligned,Booming
LA6,2021Q2,2021,2,CRAVEN,CARNFORTH,Detached,325000.0,308701.05263157893,115440.30308608942,41.61220043572985,43.64640883977901,265158.3333333333,37.39550030749727,95.0,19,137.5,-13.636363636363635,19.666666666666668,1.12094395280236,Medium,0.9496732026143792,95.0,Aligned,Booming
LA6,2021Q3,2021,3,CRAVEN,CARNFORTH,Detached,229000.0,242041.66666666666,96239.62950821656,9.373134328358208,-29.538461538461537,260083.33333333334,39.7615959407333,50.0,12,-25.0,-36.8421052631579,17.666666666666668,0.7079646017699115,Low,0.4562388059701492,45.6,Divergent,Declining
LA6,2021Q4,2021,4,CRAVEN,CARNFORTH,Detached,300000.0,294055.55555555556,85951.81951406135,22.83754734363804,31.00436681222707,284666.6666666667,29.2297893680919,90.0,9,-50.0,-25.0,13.333333333333334,0.5309734513274337,Low,0.43702528406182817,43.7,Divergent,Declining
LA6,2022Q1,2022,1,CRAVEN,CARNFORTH,Detached,225000.0,238053.4,121348.03289582288,-0.5524861878453038,-25.0,251333.33333333334,50.975131166294155,40.0,15,-31.818181818181817,66.66666666666667,12.0,0.8849557522123894,Medium,0.3694123556002009,36.9,Aligned,Declining
LA6,2022Q2,2022,2,CRAVEN,CARNFORTH,Terraced,220000.0,280329.1666666667,162952.95880433786,-32.30769230769231,-2.2222222222222254,248333.33333333334,58.12914893657914,35.0,18,-5.263157894736842,19.999999999999996,14.0,1.0619469026548674,Medium,0.2851012145748988,28.5,Aligned,Declining
LA6,2022Q3,2022,3,CRAVEN,CARNFORTH,Terraced,245000.0,301302.6538461539,156847.3494913937,6.986899563318777,11.363636363636353,230000.0,52.056411548064375,70.0,26,116.66666666666667,44.44444444444444,19.666666666666668,1.5339233038348083,High,0.7419213973799127,74.2,Aligned,Growing
LA6,2022Q4,2022,4,CRAVEN,CARNFORTH,Semi-Detached,260000.0,288711.53846153844,180914.05205447483,-13.333333333333334,6.1224489795918435,241666.66666666666,62.66256382357085,80.0,13,44.44444444444444,-50.0,19.0,0.7669616519174042,Low,0.5977777777777777,59.8,Divergent,Declining
LA6,2023Q1,2023,1,NORTH YORKSHIRE,CARNFORTH,Detached,353500.0,429162.3125,274738.28754209436,57.111111111111114,35.96153846153847,286166.6666666667,64.0173378556148,100.0,16,6.666666666666667,23.076923076923084,18.333333333333332,0.943952802359882,Medium,0.8266666666666667,82.7,Aligned,Booming
LA6,2023Q2,2023,2,NORTH YORKSHIRE,CARNFORTH,Terraced,250000.0,358818.8125,213129.36396133335,13.636363636363635,-29.27864214992928,287833.3333333333,59.39748879842618,75.0,16,-11.11111111111111,0.0,15.0,0.943952802359882,Medium,0.5373737373737373,53.7,Divergent,Growing
LA6,2023Q3,2023,3,NORTH YORKSHIRE,CARNFORTH,Terraced,274000.0,386027.77777777775,214890.36002125678,11.83673469387755,9.600000000000009,292500.0,55.66707174760916,85.0,18,-30.76923076923077,12.5,16.666666666666668,1.0619469026548674,Medium,0.4479434850863422,44.8,Divergent,Declining
LA6,2023Q4,2023,4,NORTH YORKSHIRE,CARNFORTH,Terraced,197500.0,191753.75,62790.17130752987,-24.03846153846154,-27.919708029197075,240500.0,32.74521166210824,15.0,20,53.84615384615385,11.111111111111116,18.0,1.1799410029498525,Medium,0.5557692307692308,55.6,Divergent,Declining
LS17,2020Q1,2020,1,HARROGATE,LEEDS,Detached,330000.0,412300.0,233292.09159335,-36.53846153846153,-14.28571428571429,427750.0,56.5830927948945,10.0,5,66.66666666666666,0.0,7.333333333333333,0.847457627118644,Medium,0.48076923076923084,48.1,Divergent,Declining
LS17,2020Q2,2020,2,HARROGATE,LEEDS,Detached,455000.0,455000.0,35355.33905932738,106.81818181818181,37.87878787878789,390000.0,7.77040418886316,30.0,2,-75.0,-60.0,4.0,0.3389830508474576,Low,0.6,60.0,Divergent,Declining
LS17,2020Q3,2020,3,HARROGATE,LEEDS,Semi-Detached,467500.0,512916.6666666667,211898.65895438477,-17.72987241531016,2.7472527472527375,417500.0,41.31249240377932,45.0,6,-50.0,200.0,4.333333333333333,1.0169491525423728,Medium,0.19362076550813903,19.4,Aligned,Declining
LS17,2020Q4,2020,4,HARROGATE,LEEDS,Semi-Detached,465000.0,424055.55555555556,166397.9500407916,20.77922077922078,-0.5347593582887722,462500.0,39.2396580732903,40.0,9,80.0,50.0,5.666666666666667,1.5254237288135593,High,0.8246753246753247,82.5,Aligned,Booming
LS17,2021Q1,2021,1,HARROGATE,LEEDS,Detached,515000.0,596807.6923076923,301103.355625989,56.060606060606055,10.752688172043001,482500.0,50.45232484549664,55.00000000000001,13,160.0,44.44444444444444,9.333333333333334,2.2033898305084745,High,1.0,100.0,Aligned,Booming
LS17,2021Q2,2021,2,HARROGATE,LEEDS,Semi-Detached,550000.0,732071.4285714285,461164.32615097804,20.87912087912088,6.796116504854366,510000.0,62.99444400540241,70.0,7,250.0,-46.15384615384615,9.666666666666666,1.1864406779661016,Medium,0.8252747252747252,82.5,Aligned,Booming
LS17,2021Q3,2021,3,HARROGATE,LEEDS,Detached,437500.0,406250.0,155958.06060177417,-6.417112299465241,-20.45454545454546,500833.3333333333,38.38967645582133,25.0,4,-33.33333333333333,-42.85714285714286,8.0,0.6779661016949152,Low,0.32816399286987524,32.8,Aligned,Declining
LS17,2021Q4,2021,4,HARROGATE,LEEDS,Detached,545000.0,719000.0,429904.0590643452,17.20430107526882,24.571428571428577,510833.3333333333,59.79194145540268,65.0,5,-44.44444444444444,25.0,5.333333333333333,0.847457627118644,Medium,0.42544802867383513,42.5,Divergent,Declining
LS17,2022Q1,2022,1,HARROGATE,LEEDS,Detached,496500.0,496500.0,101116.2697096763,-3.5922330097087376,-8.899082568807337,493000.0,20.365814644446385,50.0,2,-84.61538461538461,-60.0,3.6666666666666665,0.3389830508474576,Low,0.2784466019417476,27.8,Aligned,Declining
LS17,2022Q2,2022,2,HARROGATE,LEEDS,Other,560000.0,560000.0,205060.96654409877,1.8181818181818181,12.789526686807662,533833.3333333334,36.61802974001764,75.0,2,-71.42857142857143,0.0,3.0,0.3389830508474576,Low,0.3109090909090909,31.1,Divergent,Declining
LS17,2022Q3,2022,3,HARROGATE,LEEDS,Detached,945000.0,996545.4545454546,535267.4777410568,115.99999999999999,68.75,667166.6666666666,53.712299353691165,100.0,11,175.0,450.0,5.0,1.8644067796610169,High,1.0,100.0,Aligned,Booming
LS17,2022Q4,2022,4,HARROGATE,LEEDS,Terraced,375000.0,629440.2857142857,507155.84681690444,-31.19266055045872,-60.31746031746032,626666.6666666666,80.57251153560763,15.0,7,40.0,-36.36363636363637,6.666666666666667,1.1864406779661016,Medium,0.4728440366972477,47.3,Divergent,Declining
LS17,2023Q1,2023,1,HARROGATE,LEEDS,Other,777000.0,777000.0,527501.6587651644,56.49546827794561,107.2,699000.0,67.88953137260803,95.0,2,0.0,-71.42857142857143,6.666666666666667,0.3389830508474576,Low,0.8,80.0,Divergent,Growing
LS17,2023Q2,2023,2,NORTH YORKSHIRE,LEEDS,Terraced,463000.0,474000.0,103315.05214633538,-17.32142857142857,-40.411840411840416,538333.3333333334,21.796424503446282,35.0,4,100.0,100.0,4.333333333333333,0.6779661016949152,Low,0.5960714285714286,59.6,Divergent,Declining
LS17,2023Q3,2023,3,NORTH YORKSHIRE,LEEDS,Semi-Detached,579000.0,773500.0,618499.7170573322,-38.730158730158735,25.053995680345565,606333.3333333334,79.96117867580249,85.0,6,-45.45454545454545,50.0,4.0,1.0169491525423728,Medium,0.08580086580086578,8.6,Aligned,Declining
LS17,2023Q4,2023,4,NORTH YORKSHIRE,LEEDS,Detached,715000.0,630000.0,314225.23768787255,90.66666666666666,23.48877374784111,585666.6666666666,49.87702185521786,90.0,5,-28.57142857142857,-16.666666666666664,5.0,0.847457627118644,Medium,0.6857142857142857,68.6,Divergent,Declining
LS21,2020Q1,2020,1,HARROGATE,OTLEY,Detached,778000.0,793500.0,364337.0692092695,83.05882352941177,49.61538461538461,584333.3333333334,45.91519460734335,85.0,6,-14.285714285714285,19.999999999999996,5.666666666666667,1.1764705882352942,Medium,0.7428571428571429,74.3,Divergent,Growing
LS21,2020Q2,2020,2,HARROGATE,OTLEY,Detached,670000.0,670000.0,346482.32278140826,61.44578313253012,-13.881748071979437,656000.0,51.713779519613176,60.0,2,-33.33333333333333,-66.66666666666667,4.333333333333333,0.3921568627450981,Low,0.6666666666666666,66.7,Divergent,Declining
LS21,2020Q3,2020,3,HARROGATE,OTLEY,Detached,388000.0,446000.0,206211.0569295449,-14.725274725274726,-42.08955223880597,612000.0,46.235662988687196,5.0,3,-50.0,50.0,3.6666666666666665,0.5882352941176471,Low,0.21164835164835163,21.2,Aligned,Declining
LS21,2020Q4,2020,4,HARROGATE,OTLEY,Detached,471250.0,613750.0,353184.6188610144,-9.375,21.4561855670103,509750.0,57.54535541523656,25.0,6,20.0,100.0,3.6666666666666665,1.1764705882352942,Medium,0.5237499999999999,52.4,Divergent,Declining
LS21,2021Q1,2021,1,HARROGATE,OTLEY,Other,616250.0,660504.1666666666,455976.1708578108,-20.790488431876604,30.76923076923077,491833.3333333333,69.03456387852374,55.00000000000001,12,100.0,100.0,7.0,2.3529411764705883,High,0.5752570694087404,57.5,Divergent,Declining
LS21,2021Q2,2021,2,HARROGATE,OTLEY,Detached,595000.0,547000.0,123217.28774810782,-11.194029850746269,-3.4482758620689613,560833.3333333334,22.52601238539448,45.0,5,150.0,-58.33333333333333,7.666666666666667,0.9803921568627452,Medium,0.6328358208955224,63.3,Divergent,Declining
LS21,2021Q3,2021,3,HARROGATE,OTLEY,Detached,606500.0,772768.75,504936.9472217723,56.31443298969072,1.9327731092436906,605916.6666666666,65.34127411619224,50.0,8,166.66666666666669,60.00000000000001,8.333333333333334,1.5686274509803924,High,1.0,100.0,Aligned,Booming
LS21,2021Q4,2021,4,HARROGATE,OTLEY,Detached,700000.0,700000.0,7071.067811865475,48.54111405835544,15.41632316570487,633833.3333333334,1.0101525445522108,65.0,2,-66.66666666666666,-75.0,5.0,0.3921568627450981,Low,0.5912466843501327,59.1,Divergent,Declining
LS21,2022Q1,2022,1,HARROGATE,OTLEY,Other,865000.0,806200.0,575420.3854574497,40.36511156186612,23.571428571428577,723833.3333333334,71.3743966084656,90.0,9,-25.0,350.0,6.333333333333333,1.7647058823529413,High,0.6421906693711966,64.2,Divergent,Declining
LS21,2022Q2,2022,2,NORTH YORKSHIRE,OTLEY,Detached,1000000.0,1000000.0,177047.3266630183,68.0672268907563,15.606936416184979,855000.0,0.0,95.0,1,-80.0,-88.88888888888889,4.0,0.19607843137254904,Low,0.6,60.0,Divergent,Declining
LS21,2022Q3,2022,3,NORTH YORKSHIRE,OTLEY,Other,767500.0,760075.125,444236.37318933115,26.54575432811212,-23.250000000000004,877500.0,58.446377019551996,80.0,8,0.0,700.0,6.0,1.5686274509803924,High,0.6592745259686728,65.9,Divergent,Growing
LS21,2022Q4,2022,4,HARROGATE,OTLEY,Detached,732500.0,770000.0,350832.34362489067,4.642857142857143,-4.56026058631922,833333.3333333334,45.56264202920658,75.0,4,100.0,-50.0,4.333333333333333,0.7843137254901962,Low,0.727857142857143,72.8,Aligned,Growing
LS21,2023Q1,2023,1,NORTH YORKSHIRE,OTLEY,Terraced,500000.0,500000.0,177047.3266630183,-42.19653179190752,-31.740614334470983,666666.6666666666,0.0,35.0,1,-88.88888888888889,-75.0,4.333333333333333,0.19607843137254904,Low,0.0468208092485549,4.7,Aligned,Declining
LS21,2023Q2,2023,2,NORTH YORKSHIRE,OTLEY,Detached,718750.0,889229.25,674802.9672101208,-28.125,43.75,650416.6666666666,75.88627648158456,70.0,4,300.0,300.0,3.0,0.7843137254901962,Low,0.53125,53.1,Divergent,Declining
LS21,2023Q3,2023,3,NORTH YORKSHIRE,OTLEY,Detached,1016250.0,1104583.3333333333,283215.5392394045,32.410423452768725,41.39130434782609,745000.0,25.640033729708446,100.0,6,-25.0,50.0,3.6666666666666665,1.1764705882352942,Medium,0.5944625407166123,59.4,Divergent,Declining
LS21,2023Q4,2023,4,NORTH YORKSHIRE,OTLEY,Detached,497500.0,687500.0,405514.0770265154,-32.081911262798634,-51.04551045510455,744166.6666666666,58.98386574931133,30.0,4,0.0,-33.333333333333336,4.666666666666667,0.7843137254901962,Low,0.3075085324232082,30.8,Divergent,Declining
LS22,2020Q1,2020,1,NORTH YORKSHIRE,WETHERBY,Terraced,280500.0,331821.4285714286,135472.62101235086,-25.398936170212767,-36.610169491525426,342666.6666666667,40.82696575552497,10.0,14,16.666666666666664,39.99999999999999,9.666666666666666,1.3084112149532712,High,0.41427304964539,41.4,Divergent,Declining
LS22,2020Q2,2020,2,HARROGATE,WETHERBY,Semi-Detached,312000.0,413166.6666666667,196825.00688005405,-13.93103448275862,11.229946524064172,345000.0,47.63816221380897,20.0,3,-75.0,-78.57142857142857,9.0,0.28037383177570097,Low,0.21641379310344827,21.6,Aligned,Declining
LS22,2020Q3,2020,3,HARROGATE,WETHERBY,Detached,399500.0,420272.22222222225,102342.61426426649,30.983606557377048,28.044871794871785,330666.6666666667,24.351505727197935,40.0,9,80.0,200.0,8.666666666666666,0.8411214953271029,Medium,0.8859016393442622,88.6,Aligned,Booming
LS22,2020Q4,2020,4,NORTH YORKSHIRE,WETHERBY,Detached,337500.0,453187.5,289588.8634278407,-23.728813559322035,-15.519399249061328,349666.6666666667,63.900452556136415,25.0,8,-20.0,-11.111111111111116,6.666666666666667,0.7476635514018692,Low,0.27762711864406775,27.8,Aligned,Declining
LS22,2021Q1,2021,1,HARROGATE,WETHERBY,Detached,508750.0,625906.1875,412349.79982117424,81.37254901960785,50.74074074074073,415250.0,65.88044790996322,65.0,16,14.285714285714285,100.0,11.0,1.4953271028037385,High,0.8571428571428571,85.7,Aligned,Booming
LS22,2021Q2,2021,2,HARROGATE,WETHERBY,Detached,535000.0,602924.0322580645,285359.7976602502,71.47435897435898,5.1597051597051635,460416.6666666667,47.32931221724963,70.0,31,933.3333333333334,93.75,18.333333333333332,2.897196261682243,High,1.0,100.0,Aligned,Booming
LS22,2021Q3,2021,3,HARROGATE,WETHERBY,Detached,650000.0,624333.3333333334,255059.47018947042,62.703379224030044,21.495327102803728,564583.3333333334,40.85309186163434,85.0,12,33.33333333333333,-61.29032258064516,19.666666666666668,1.1214953271028039,Medium,0.9333333333333333,93.3,Aligned,Booming
LS22,2021Q4,2021,4,HARROGATE,WETHERBY,Detached,617500.0,842000.0,631244.8019587963,82.96296296296296,-5.000000000000004,600833.3333333334,74.96969144403757,75.0,6,-25.0,-50.0,16.333333333333332,0.5607476635514019,Low,0.7,70.0,Divergent,Declining
LS22,2022Q1,2022,1,HARROGATE,WETHERBY,Detached,702500.0,659583.3333333334,333742.2680979314,38.08353808353808,13.765182186234814,656666.6666666666,50.59895410202371,90.0,12,-25.0,100.0,10.0,1.1214953271028039,Medium,0.6285012285012285,62.9,Divergent,Declining
LS22,2022Q2,2022,2,HARROGATE,WETHERBY,Detached,705750.0,686291.6666666666,459359.6199239401,31.91588785046729,0.462633451957295,675250.0,66.93358556356361,95.0,6,-80.64516129032258,-50.0,8.0,0.5607476635514019,Low,0.4914953271028037,49.1,Divergent,Declining
LS22,2022Q3,2022,3,HARROGATE,WETHERBY,Detached,635000.0,715518.8095238095,335249.72055135545,-2.307692307692308,-10.024796315975914,681083.3333333334,46.85407512549811,80.0,21,75.0,250.0,13.0,1.9626168224299068,High,0.6861538461538461,68.6,Divergent,Stable
LS22,2022Q4,2022,4,HARROGATE,WETHERBY,Detached,475000.0,590500.0,257523.35384927283,-23.076923076923077,-25.196850393700785,605250.0,43.61106754433071,60.0,10,66.66666666666666,-52.38095238095239,12.333333333333334,0.9345794392523366,Medium,0.5615384615384615,56.2,Divergent,Declining
LS22,2023Q1,2023,1,NORTH YORKSHIRE,WETHERBY,Semi-Detached,84794.5,261598.75,359013.17726733,-87.92960854092526,-82.14852631578947,398264.8333333333,137.2381088469765,5.0,4,-66.66666666666666,-60.0,11.666666666666666,0.3738317757009346,Low,0.0,0.0,Aligned,Declining
LS22,2023Q2,2023,2,NORTH YORKSHIRE,WETHERBY,Semi-Detached,443750.0,643208.3333333334,499063.9173098032,-37.123627346794194,423.32403634669697,334514.8333333333,77.58977790655747,50.0,12,100.0,200.0,8.666666666666666,1.1214953271028039,Medium,0.4772582359192349,47.7,Divergent,Declining
LS22,2023Q3,2023,3,NORTH YORKSHIRE,WETHERBY,Detached,1315000.0,1315000.0,49497.474683058324,107.08661417322836,196.33802816901408,614514.8333333334,3.764066515821926,100.0,2,-90.47619047619048,-83.33333333333334,6.0,0.1869158878504673,Low,0.6,60.0,Divergent,Declining
LS22,2023Q4,2023,4,NORTH YORKSHIRE,WETHERBY,Detached,450000.0,532011.1111111111,291849.620714352,-5.263157894736842,-65.77946768060836,736250.0,54.85780552680954,55.00000000000001,9,-10.0,350.0,7.666666666666667,0.8411214953271029,Medium,0.428421052631579,42.8,Aligned,Declining
LS24,2020Q1,2020,1,SELBY,TADCASTER,Semi-Detached,220000.0,243490.9090909091,116184.01181863506,-20.72072072072072,-19.999999999999996,248333.33333333334,47.71595467461864,7.5,33,-43.103448275862064,-23.25581395348837,49.333333333333336,0.6105457909343202,Low,0.20326188257222744,20.3,Aligned,Declining
LS24,2020Q2,2020,2,SELBY,TADCASTER,Semi-Detached,229000.0,278902.60869565216,158522.85746333216,-19.288042999383208,4.090909090909101,241333.33333333334,56.83806910401387,15.0,23,-66.17647058823529,-30.303030303030297,33.0,0.425531914893617,Low,0.18427174200370075,18.4,Aligned,Declining
LS24,2020Q3,2020,3,SELBY,TADCASTER,Semi-Detached,220000.0,316808.1395348837,295023.0814074094,-12.0,-3.9301310043668103,223000.0,93.12358004454757,7.5,43,-40.27777777777778,86.95652173913044,33.0,0.7955596669750231,Low,0.26688888888888884,26.7,Aligned,Declining
LS24,2020Q4,2020,4,SELBY,TADCASTER,Terraced,268000.0,330635.3384615385,242023.7323479531,-2.5454545454545454,21.818181818181827,239000.0,73.19959610914572,40.0,65,51.162790697674424,51.162790697674424,43.666666666666664,1.2025901942645698,High,0.6847272727272727,68.5,Divergent,Stable
LS24,2021Q1,2021,1,SELBY,TADCASTER,Semi-Detached,255000.0,331117.2,218052.78722085568,15.909090909090908,-4.850746268656714,247666.66666666666,65.85365762360146,30.0,75,127.27272727272727,15.384615384615374,61.0,1.387604070305273,High,0.7954545454545454,79.5,Aligned,Booming
LS24,2021Q2,2021,2,SELBY,TADCASTER,Detached,280000.0,347143.11320754717,200962.11141709704,22.270742358078603,9.80392156862746,267666.6666666667,57.890277459414094,67.5,53,130.43478260869566,-29.333333333333332,64.33333333333333,0.9805735430157262,Medium,0.8336244541484716,83.4,Aligned,Booming
LS24,2021Q3,2021,3,SELBY,TADCASTER,Detached,238500.0,306347.35185185185,238081.61057520047,8.409090909090908,-14.821428571428575,257833.33333333334,77.71622935077161,20.0,54,25.581395348837212,1.8867924528301883,60.666666666666664,0.9990749306197966,Medium,0.6527801268498944,65.3,Aligned,Growing
LS24,2021Q4,2021,4,SELBY,TADCASTER,Semi-Detached,265000.0,327523.9130434783,176435.6337588963,-1.1194029850746268,11.111111111111116,261166.66666666666,53.86954256847645,35.0,46,-29.230769230769234,-14.814814814814813,51.0,0.851063829787234,Medium,0.37636050516647523,37.6,Aligned,Declining
LS24,2022Q1,2022,1,SELBY,TADCASTER,Semi-Detached,272000.0,291329.24528301886,124001.41338910766,6.666666666666667,2.6415094339622636,258500.0,42.564011473905914,45.0,53,-29.333333333333332,15.217391304347828,51.0,0.9805735430157262,Medium,0.42266666666666663,42.3,Divergent,Declining
LS24,2022Q2,2022,2,SELBY,TADCASTER,Semi-Detached,285000.0,322771.44897959183,178748.17574815755,1.7857142857142856,4.779411764705888,274000.0,55.37917815012796,90.0,49,-7.547169811320755,-7.547169811320753,49.333333333333336,0.906567992599445,Medium,0.48052560646900266,48.1,Divergent,Stable
LS24,2022Q3,2022,3,SELBY,TADCASTER,Detached,315000.0,343611.39344262297,165743.67764998646,32.075471698113205,10.526315789473696,290666.6666666667,48.235792180640466,100.0,61,12.962962962962962,24.489795918367353,54.333333333333336,1.1285846438482887,Medium,0.744304682040531,74.4,Aligned,Booming
LS24,2022Q4,2022,4,SELBY,TADCASTER,Detached,284995.0,330492.87671232875,162081.12934002327,7.545283018867925,-9.525396825396825,294998.3333333333,49.042245918390456,85.0,73,58.69565217391305,19.672131147540984,61.0,1.3506012950971324,High,0.7452716981132076,74.5,Aligned,Growing
LS24,2023Q1,2023,1,NORTH YORKSHIRE,TADCASTER,Semi-Detached,277497.5,318824.67391304346,173907.57611253095,2.021139705882353,-2.630747907858033,292497.5,54.546460905332154,55.00000000000001,46,-13.20754716981132,-36.986301369863014,60.0,0.851063829787234,Medium,0.4592966495560489,45.9,Divergent,Stable
LS24,2023Q2,2023,2,NORTH YORKSHIRE,TADCASTER,Semi-Detached,280000.0,335620.79591836734,173600.87180140396,-1.7543859649122806,0.9018099262155577,280830.8333333333,51.72530245820307,67.5,49,0.0,6.521739130434789,56.0,0.906567992599445,Medium,0.48947368421052634,48.9,Divergent,Stable
LS24,2023Q3,2023,3,NORTH YORKSHIRE,TADCASTER,Detached,297995.0,363543.7846153846,209132.46339771498,-5.398412698412698,6.426785714285721,285164.1666666667,57.52607313008229,95.0,65,6.557377049180328,32.65306122448979,53.333333333333336,1.2025901942645698,High,0.4938390320062451,49.4,Divergent,Declining
LS24,2023Q4,2023,4,NORTH YORKSHIRE,TADCASTER,Detached,282500.0,354529.32692307694,269081.37083495845,-0.8754539553325497,-5.199751673685804,286831.6666666667,75.89819808992605,75.0,52,-28.767123287671232,-19.999999999999996,55.333333333333336,0.9620721554116559,Medium,0.37967878311731973,38.0,Aligned,Declining
LS25,2020Q1,2020,1,SELBY,LEEDS,Detached,230000.0,244135.0655737705,84925.2326800598,6.728538283062645,15.57788944723617,222333.33333333334,34.7861674358278,32.5,61,-11.594202898550725,-39.603960396039604,83.0,0.7692307692307693,Low,0.493994418104173,49.4,Divergent,Growing
LS25,2020Q2,2020,2,SELBY,LEEDS,Detached,272500.0,260109.28125,79394.24307691999,36.25,18.47826086956521,233833.33333333334,30.523417963164274,80.0,32,-68.62745098039215,-47.540983606557376,64.66666666666667,0.403530895334174,Low,0.5175,51.7,Divergent,Declining
LS25,2020Q3,2020,3,SELBY,LEEDS,Detached,265000.0,307082.98507462686,196342.73937679647,11.344537815126051,-2.752293577981646,255833.33333333334,63.9380066365714,67.5,67,-22.988505747126435,109.375,53.333333333333336,0.8448928121059269,Medium,0.4761132039022506,47.6,Divergent,Declining
LS25,2020Q4,2020,4,SELBY,LEEDS,Detached,265000.0,283136.3888888889,137256.3667093563,33.165829145728644,0.0,267500.0,48.47711989546486,67.5,144,42.57425742574257,114.92537313432835,81.0,1.8158890290037832,High,0.8692920045773422,86.9,Aligned,Booming
LS25,2021Q1,2021,1,SELBY,LEEDS,Detached,287500.0,286425.1941747573,144695.52590086067,25.0,8.490566037735858,272500.0,50.51773686241346,90.0,103,68.85245901639344,-28.47222222222222,104.66666666666667,1.2988650693568726,High,0.85,85.0,Aligned,Booming
LS25,2021Q2,2021,2,SELBY,LEEDS,Detached,297475.0,286073.92553191487,109229.30924330058,9.1651376146789,3.4695652173913016,283325.0,38.18219680112537,100.0,94,193.75,-8.737864077669899,113.66666666666667,1.1853720050441363,Medium,0.7549908256880734,75.5,Aligned,Growing
LS25,2021Q3,2021,3,SELBY,LEEDS,Detached,220000.0,244036.87826086956,120844.50419154708,-16.9811320754717,-26.044205395411378,268325.0,49.518951829226076,20.0,115,71.64179104477611,22.34042553191489,104.0,1.450189155107188,High,0.5981132075471698,59.8,Divergent,Declining
LS25,2021Q4,2021,4,SELBY,LEEDS,Detached,248000.0,276618.5438596491,118816.88141152186,-6.415094339622642,12.72727272727272,255158.33333333334,42.95333196165158,50.0,57,-60.416666666666664,-50.43478260869565,88.66666666666667,0.7187894073139975,Low,0.26150943396226417,26.2,Aligned,Declining
LS25,2022Q1,2022,1,SELBY,LEEDS,Detached,262500.0,299000.0,162070.75174573777,-8.695652173913043,5.846774193548376,243500.0,54.20426479790561,60.0,64,-37.86407766990291,12.280701754385959,78.66666666666667,0.807061790668348,Medium,0.2963697762769101,29.6,Aligned,Declining
LS25,2022Q2,2022,2,NORTH YORKSHIRE,LEEDS,Detached,290000.0,324516.1881188119,174837.18068046702,-2.5128162030422727,10.476190476190483,266833.3333333333,53.876258590975326,95.0,101,7.446808510638298,57.8125,74.0,1.2736443883984867,High,0.5147103368242996,51.5,Divergent,Stable
LS25,2022Q3,2022,3,SELBY,LEEDS,Detached,270000.0,287352.6923076923,129137.07963785293,22.727272727272727,-6.896551724137934,274166.6666666667,44.94027134416933,75.0,91,-20.869565217391305,-9.9009900990099,85.33333333333333,1.1475409836065573,Medium,0.552885375494071,55.3,Divergent,Declining
LS25,2022Q4,2022,4,NORTH YORKSHIRE,LEEDS,Detached,280000.0,316337.75324675324,153787.75509055846,12.903225806451612,3.703703703703698,280000.0,48.615049424909856,85.0,77,35.08771929824561,-15.384615384615385,89.66666666666667,0.9709962168978563,Medium,0.7177702320316921,71.8,Aligned,Booming
LS25,2023Q1,2023,1,NORTH YORKSHIRE,LEEDS,Detached,249000.0,305769.9827586207,174224.99175879036,-5.142857142857142,-11.071428571428577,266333.3333333333,56.97910245700152,55.00000000000001,58,-9.375,-24.675324675324674,75.33333333333333,0.7313997477931904,Low,0.4316428571428572,43.2,Aligned,Declining
LS25,2023Q2,2023,2,NORTH YORKSHIRE,LEEDS,Terraced,224500.0,243899.54166666666,123028.42467563518,-22.586206896551726,-9.839357429718875,251166.66666666666,50.442253328944766,25.0,48,-52.475247524752476,-17.24137931034483,61.0,0.605296343001261,Low,0.16448275862068965,16.4,Aligned,Declining
LS25,2023Q3,2023,3,NORTH YORKSHIRE,LEEDS,Detached,230000.0,280342.4528301887,149121.2824013453,-14.814814814814813,2.4498886414253906,234500.0,53.19254393899173,32.5,53,-41.75824175824176,10.416666666666675,53.0,0.6683480453972257,Low,0.2440781440781441,24.4,Aligned,Declining
LS25,2023Q4,2023,4,NORTH YORKSHIRE,LEEDS,Detached,237500.0,288560.48387096776,184524.03707143167,-15.178571428571427,3.2608695652173836,230666.66666666666,63.94639854913161,40.0,62,-19.480519480519483,16.981132075471695,54.333333333333336,0.7818411097099622,Low,0.33100649350649347,33.1,Aligned,Declining
LS29,2020Q1,2020,1,HARROGATE,ILKLEY,Terraced,385000.0,385000.0,177047.3266630183,-38.4,18.059771975983274,375118.6666666667,0.0,25.0,1,0.0,-80.0,2.6666666666666665,0.47058823529411764,Low,0.2696,27.0,Divergent,Declining
LS29,2020Q2,2020,2,HARROGATE,ILKLEY,Semi-Detached,390000.0,390000.0,177047.3266630183,24.105011933174225,1.298701298701288,367035.3333333333,0.0,31.25,1,-50.0,0.0,2.3333333333333335,0.47058823529411764,Low,0.44463007159904533,44.5,Divergent,Declining
LS29,2020Q3,2020,3,HARROGATE,ILKLEY,Other,875000.0,875000.0,177047.3266630183,111.22510561255281,124.35897435897436,550000.0,0.0,87.5,1,-50.0,0.0,1.0,0.47058823529411764,Low,0.6,60.0,Divergent,Declining
LS29,2021Q1,2021,1,HARROGATE,ILKLEY,Detached,619000.0,553500.0,135118.46653955188,60.77922077922078,-29.25714285714286,628000.0,24.411647071283085,56.25,4,300.0,300.0,2.0,1.8823529411764706,High,1.0,100.0,Aligned,Booming
LS29,2021Q2,2021,2,HARROGATE,ILKLEY,Detached,560000.0,706200.0,288621.2050421798,43.58974358974359,-9.531502423263326,684666.6666666666,40.86961272191728,50.0,5,400.0,25.0,3.3333333333333335,2.3529411764705883,High,0.9615384615384616,96.2,Aligned,Booming
LS29,2021Q3,2021,3,NORTH YORKSHIRE,ILKLEY,Other,275000.0,275000.0,177047.3266630183,-68.57142857142857,-50.89285714285714,484666.6666666667,0.0,6.25,1,0.0,-80.0,3.3333333333333335,0.47058823529411764,Low,0.2,20.0,Divergent,Declining
LS29,2022Q1,2022,1,HARROGATE,ILKLEY,Terraced,404277.0,399825.6666666667,13176.523681659486,-34.68869143780291,47.009818181818176,413092.3333333333,3.295567238469638,37.5,3,-25.0,200.0,3.0,1.411764705882353,High,0.19186785137318255,19.2,Aligned,Declining
LS29,2023Q1,2023,1,HARROGATE,ILKLEY,Detached,1001500.0,1132816.6666666667,431770.91823481274,147.72618773761553,-28.540849090260433,935759.0,38.114809831082944,93.75,3,0.0,50.0,2.6666666666666665,1.411764705882353,High,0.8,80.0,Divergent,Growing
LS29,2023Q4,2023,4,NORTH YORKSHIRE,ILKLEY,Detached,720000.0,720000.0,177047.3266630183,-48.62647163753122,-4.0000000000000036,700000.0,0.0,75.0,1,-50.0,0.0,1.0,0.47058823529411764,Low,0.008241170174812693,0.8,Aligned,Declining
TS13,2020Q1,2020,1,SCARBOROUGH,SALTBURN-BY-THE-SEA,Terraced,210000.0,212076.92307692306,52716.16061269627,16.991643454038996,12.00000000000001,199166.66666666666,24.857094231594182,50.0,13,85.71428571428571,8.333333333333325,11.333333333333334,1.1063829787234043,Medium,0.8019498607242339,80.2,Aligned,Booming
TS13,2020Q2,2020,2,SCARBOROUGH,SALTBURN-BY-THE-SEA,Terraced,170000.0,157900.0,41827.62245215475,-39.823008849557525,-19.047619047619047,189166.66666666666,26.489944554879514,5.0,5,-50.0,-61.53846153846154,10.0,0.425531914893617,Low,0.06106194690265485,6.1,Aligned,Declining
TS13,2020Q3,2020,3,SCARBOROUGH,SALTBURN-BY-THE-SEA,Semi-Detached,207500.0,234755.92857142858,104679.48928365485,3.75,22.058823529411775,195833.33333333334,44.590775585803485,40.0,14,55.55555555555556,179.99999999999997,10.666666666666666,1.1914893617021276,Medium,0.7224999999999999,72.2,Aligned,Growing
TS13,2020Q4,2020,4,SCARBOROUGH,SALTBURN-BY-THE-SEA,Terraced,221500.0,247833.33333333334,108575.13308216353,18.133333333333333,6.746987951807237,199666.66666666666,43.80973762562079,60.0,15,25.0,7.14285714285714,11.333333333333334,1.2765957446808511,High,0.7088,70.9,Aligned,Booming
TS13,2021Q1,2021,1,SCARBOROUGH,SALTBURN-BY-THE-SEA,Terraced,190000.0,244409.47368421053,133701.36617243022,-9.523809523809524,-14.221218961625281,206333.33333333334,54.70383948585364,20.0,19,46.15384615384615,26.66666666666666,16.0,1.6170212765957446,High,0.6274725274725275,62.7,Divergent,Declining
TS13,2021Q2,2021,2,SCARBOROUGH,SALTBURN-BY-THE-SEA,Terraced,239500.0,294124.9375,171189.8770860274,40.88235294117647,26.05263157894737,217000.0,58.203115499523875,75.0,16,220.00000000000003,-15.789473684210531,16.666666666666668,1.3617021276595744,High,0.9452941176470587,94.5,Aligned,Booming
TS13,2021Q3,2021,3,SCARBOROUGH,SALTBURN-BY-THE-SEA,Terraced,200000.0,209018.75,67685.76888577902,-3.614457831325301,-16.49269311064718,209833.33333333334,32.38263021177718,27.500000000000004,12,-14.285714285714285,-25.0,15.666666666666666,1.0212765957446808,Medium,0.421170395869191,42.1,Aligned,Declining
TS13,2021Q4,2021,4,SCARBOROUGH,SALTBURN-BY-THE-SEA,Semi-Detached,210000.0,234222.22222222222,101866.06129837573,-5.191873589164786,5.000000000000004,216500.0,43.49120264162152,50.0,9,-40.0,-25.0,12.333333333333334,0.7659574468085106,Low,0.30884875846501125,30.9,Aligned,Declining
TS13,2022Q1,2022,1,SCARBOROUGH,SALTBURN-BY-THE-SEA,Semi-Detached,235000.0,227062.5,73492.68063652908,23.684210526315788,11.904761904761907,215000.0,32.36671869486555,70.0,8,-57.89473684210527,-11.111111111111116,9.666666666666666,0.6808510638297872,Low,0.4421052631578947,44.2,Divergent,Declining
TS13,2022Q2,2022,2,SCARBOROUGH,SALTBURN-BY-THE-SEA,Terraced,201500.0,256995.83333333334,141225.06289661024,-15.866388308977037,-14.255319148936174,215500.0,54.95227726647068,35.0,12,-25.0,50.0,9.666666666666666,1.0212765957446808,Medium,0.3048016701461378,30.5,Aligned,Declining
TS13,2022Q3,2022,3,SCARBOROUGH,SALTBURN-BY-THE-SEA,Semi-Detached,267000.0,352908.7894736842,345182.7007479081,33.5,32.50620347394542,234500.0,97.81074063434392,85.0,19,58.333333333333336,58.33333333333333,13.0,1.6170212765957446,High,0.901,90.1,Aligned,Booming
TS13,2022Q4,2022,4,SCARBOROUGH,SALTBURN-BY-THE-SEA,Detached,347500.0,364875.0,118470.83727953595,65.47619047619048,30.149812734082392,272000.0,32.46888311874915,100.0,8,-11.11111111111111,-57.89473684210527,13.0,0.6808510638297872,Low,0.7555555555555555,75.6,Divergent,Growing
TS13,2023Q1,2023,1,SCARBOROUGH,SALTBURN-BY-THE-SEA,Terraced,210000.0,383491.6666666667,490687.4870263582,-10.638297872340425,-39.568345323741006,274833.3333333333,127.95258141889867,50.0,12,50.0,50.0,13.0,1.0212765957446808,Medium,0.6361702127659574,63.6,Divergent,Declining
TS13,2023Q2,2023,2,NORTH YORKSHIRE,SALTBURN-BY-THE-SEA,Terraced,249950.0,296367.64705882355,175071.5023043946,24.04466501240695,19.023809523809533,269150.0,59.07240687093154,80.0,17,41.66666666666667,41.66666666666667,12.333333333333334,1.446808510638298,High,0.8109346567411084,81.1,Aligned,Booming
TS13,2023Q3,2023,3,NORTH YORKSHIRE,SALTBURN-BY-THE-SEA,Terraced,304765.5,330753.1,176418.30289428588,14.14438202247191,21.93058611722345,254905.16666666666,53.33836716701549,95.0,10,-47.368421052631575,-41.17647058823529,13.0,0.851063829787234,Medium,0.3953926079243052,39.5,Divergent,Declining
TS13,2023Q4,2023,4,NORTH YORKSHIRE,SALTBURN-BY-THE-SEA,Semi-Detached,230500.0,346500.0,279419.2957852819,-33.669064748201436,-24.368079720309556,261738.5,80.64048940412177,65.0,8,0.0,-19.999999999999996,11.666666666666666,0.6808510638297872,Low,0.2979856115107914,29.8,Divergent,Declining
TS15,2020Q1,2020,1,HAMBLETON,YARM,Terraced,270500.0,437125.0,515318.3308818513,7.234886025768088,-19.792438843587846,301833.3333333333,117.88809399642008,10.0,8,0.0,-46.666666666666664,11.0,0.6274509803921569,Low,0.5434093161546085,54.3,Divergent,Growing
TS15,2020Q2,2020,2,HAMBLETON,YARM,Detached,374000.0,374000.0,45254.83399593904,30.08695652173913,38.262476894639555,327250.0,12.10022299356659,60.0,2,-81.81818181818183,-75.0,8.333333333333334,0.1568627450980392,Low,0.4805217391304347,48.1,Divergent,Declining
TS15,2020Q3,2020,3,HAMBLETON,YARM,Detached,500000.0,474749.6666666667,225249.08314103918,67.92611251049539,33.68983957219251,381500.0,47.44586441156831,97.5,12,20.0,500.0,7.333333333333333,0.9411764705882353,Medium,0.8799999999999999,88.0,Aligned,Booming
TS15,2020Q4,2020,4,HAMBLETON,YARM,Detached,279500.0,385747.8846153846,223880.41985923235,-17.123795404002966,-44.099999999999994,384500.0,58.038016224627,15.0,26,73.33333333333333,116.66666666666666,13.333333333333334,2.0392156862745097,High,0.5972572275759822,59.7,Divergent,Declining
TS15,2021Q1,2021,1,HAMBLETON,YARM,Detached,410000.0,414805.0,220008.64211494775,51.571164510166355,46.690518783542046,396500.0,53.03905259458005,75.0,20,150.0,-23.076923076923073,19.333333333333332,1.5686274509803921,High,1.0,100.0,Aligned,Booming
TS15,2021Q2,2021,2,HAMBLETON,YARM,Detached,390000.0,373451.32,160506.77051470446,4.27807486631016,-4.878048780487809,359833.3333333333,42.97930196489986,65.0,25,1150.0,25.0,23.666666666666668,1.9607843137254901,High,0.725668449197861,72.6,Aligned,Growing
TS15,2021Q3,2021,3,HAMBLETON,YARM,Detached,347500.0,496600.0,447467.16559510183,-30.5,-10.897435897435892,382500.0,90.10615497283565,45.0,15,25.0,-40.0,20.0,1.1764705882352942,Medium,0.41700000000000004,41.7,Divergent,Declining
TS15,2021Q4,2021,4,HAMBLETON,YARM,Detached,370000.0,398198.85714285716,175979.34167171098,32.379248658318424,6.474820143884896,369166.6666666667,44.19383393874908,55.00000000000001,14,-46.15384615384615,-6.666666666666665,18.0,1.0980392156862746,Medium,0.5096601073345259,51.0,Divergent,Declining
TS15,2022Q1,2022,1,NORTH YORKSHIRE,YARM,Terraced,344500.0,359166.25,152350.48060796288,-15.975609756097562,-6.891891891891888,354000.0,42.41781643123843,40.0,12,-40.0,-14.28571428571429,13.666666666666666,0.9411764705882353,Medium,0.24414634146341463,24.4,Aligned,Declining
TS15,2022Q2,2022,2,NORTH YORKSHIRE,YARM,Detached,395000.0,419833.3333333333,186105.3529078419,1.282051282051282,14.658925979680703,369833.3333333333,44.32838894192344,70.0,15,-40.0,25.0,13.666666666666666,1.1764705882352942,Medium,0.34769230769230774,34.8,Divergent,Declining
TS15,2022Q3,2022,3,NORTH YORKSHIRE,YARM,Detached,300000.0,380325.86666666664,197127.01556315942,-13.66906474820144,-24.0506329113924,346500.0,51.831082984405505,30.0,15,0.0,0.0,14.0,1.1764705882352942,Medium,0.4179856115107914,41.8,Divergent,Declining
TS15,2022Q4,2022,4,NORTH YORKSHIRE,YARM,Detached,357000.0,455222.22222222225,331699.79943383206,-3.5135135135135136,18.999999999999993,350666.6666666667,72.86546729081006,50.0,9,-35.714285714285715,-40.0,13.0,0.7058823529411765,Low,0.33606177606177606,33.6,Aligned,Declining
TS15,2023Q1,2023,1,NORTH YORKSHIRE,YARM,Detached,483000.0,533237.2142857143,322109.4163422348,40.20319303338171,35.29411764705883,380000.0,60.40640220013697,85.0,14,16.666666666666664,55.55555555555556,12.666666666666666,1.0980392156862746,Medium,0.8078858248669568,80.8,Aligned,Booming
TS15,2023Q2,2023,2,NORTH YORKSHIRE,YARM,Detached,495000.0,461600.0,111983.48092464352,25.31645569620253,2.4844720496894457,445000.0,24.259852886621214,90.0,5,-66.66666666666666,-64.28571428571428,9.333333333333334,0.39215686274509803,Low,0.4518987341772151,45.2,Divergent,Declining
TS15,2023Q3,2023,3,NORTH YORKSHIRE,YARM,Detached,466000.0,414750.0,130662.87045019987,55.333333333333336,-5.8585858585858634,481333.3333333333,31.504007341820344,80.0,8,-46.666666666666664,60.00000000000001,9.0,0.6274509803921569,Low,0.6133333333333333,61.3,Divergent,Declining
TS15,2023Q4,2023,4,NORTH YORKSHIRE,YARM,Detached,500000.0,462181.8181818182,207782.9724408707,40.056022408963585,7.296137339055786,487000.0,44.9569767279618,97.5,11,22.22222222222222,37.5,8.0,0.8627450980392157,Medium,0.8292250233426703,82.9,Aligned,Booming
TS9,2020Q1,2020,1,HAMBLETON,MIDDLESBROUGH,Detached,234500.0,264122.61363636365,125306.25121513865,9.069767441860465,9.069767441860455,226500.0,47.442454657690405,35.0,44,-20.0,-52.68817204301075,69.66666666666667,0.688037529319781,Low,0.47441860465116276,47.4,Divergent,Growing
TS9,2020Q2,2020,2,HAMBLETON,MIDDLESBROUGH,Semi-Detached,192880.0,213135.2,87883.70806165763,-21.2734693877551,-17.748400852878465,214126.66666666666,41.23378403082064,5.0,25,-64.7887323943662,-43.18181818181818,54.0,0.3909304143862392,Low,0.1723591836734694,17.2,Aligned,Declining
TS9,2020Q3,2020,3,HAMBLETON,MIDDLESBROUGH,Detached,255000.0,277243.67164179106,159487.46517795857,10.869565217391305,32.206553297386975,227460.0,57.52609761423958,55.00000000000001,67,-6.944444444444445,168.00000000000003,45.333333333333336,1.047693510555121,Medium,0.5374396135265701,53.7,Divergent,Growing
TS9,2020Q4,2020,4,HAMBLETON,MIDDLESBROUGH,Detached,310000.0,358134.8313253012,199395.67685040153,44.18604651162791,21.568627450980383,252626.66666666666,55.67614747566577,90.0,83,-10.75268817204301,23.880597014925375,58.333333333333336,1.2978889757623142,High,0.7221055263815954,72.2,Divergent,Growing
TS9,2021Q1,2021,1,HAMBLETON,MIDDLESBROUGH,Detached,312500.0,359619.3333333333,276764.20234682475,33.26226012793177,0.8064516129032251,292500.0,76.9603235124988,95.0,90,104.54545454545455,8.43373493975903,80.0,1.4073494917904612,High,0.8995735607675905,90.0,Aligned,Booming
TS9,2021Q2,2021,2,NORTH YORKSHIRE,MIDDLESBROUGH,Detached,289997.5,339887.06976744183,185821.10260379256,50.35125466611364,-7.200799999999996,304165.8333333333,54.67142446193538,80.0,86,244.0,-4.444444444444439,86.33333333333333,1.3448006254886629,High,1.0,100.0,Aligned,Booming
TS9,2021Q3,2021,3,HAMBLETON,MIDDLESBROUGH,Semi-Detached,221000.0,266618.04347826086,154923.11000529383,-13.333333333333334,-23.792446486607645,274499.1666666667,58.106761261987025,25.0,92,37.3134328358209,6.976744186046502,89.33333333333333,1.4386239249413604,High,0.5692537313432835,56.9,Divergent,Declining
TS9,2021Q4,2021,4,HAMBLETON,MIDDLESBROUGH,Detached,295000.0,327423.9130434783,171270.31809365976,-4.838709677419355,33.4841628959276,268665.8333333333,52.30843297353085,85.0,46,-44.57831325301205,-50.0,74.66666666666667,0.7193119624706802,Low,0.2926544889234357,29.3,Aligned,Declining
TS9,2022Q1,2022,1,HAMBLETON,MIDDLESBROUGH,Semi-Detached,240000.0,312042.54545454547,203843.79290841692,-23.200000000000003,-18.644067796610166,252000.0,65.32564096715791,40.0,55,-38.88888888888889,19.565217391304344,64.33333333333333,0.8600469116497264,Medium,0.2052444444444444,20.5,Aligned,Declining
TS9,2022Q2,2022,2,HAMBLETON,MIDDLESBROUGH,Detached,275000.0,321861.8367346939,204926.48871173974,-5.171596306864714,14.583333333333325,270000.0,63.66908571414688,67.5,49,-43.02325581395349,-10.909090909090914,50.0,0.766223612197029,Low,0.29687739890299775,29.7,Aligned,Declining
TS9,2022Q3,2022,3,HAMBLETON,MIDDLESBROUGH,Detached,275000.0,340884.30263157893,258365.14412570023,24.43438914027149,0.0,263333.3333333333,75.79261999779914,67.5,76,-17.391304347826086,55.10204081632652,60.0,1.1884284597341672,Medium,0.5770411174503246,57.7,Divergent,Growing
TS9,2022Q4,2022,4,HAMBLETON,MIDDLESBROUGH,Detached,320000.0,419151.4893617021,282783.503419894,8.47457627118644,16.36363636363636,290000.0,67.46570407050831,100.0,47,2.1739130434782608,-38.1578947368421,57.333333333333336,0.7349491790461298,Low,0.5595431098010317,56.0,Aligned,Growing
TS9,2023Q1,2023,1,HAMBLETON,MIDDLESBROUGH,Semi-Detached,250000.0,294343.7254901961,155075.01843250945,4.166666666666666,-21.875,281666.6666666667,52.68500905675825,50.0,51,-7.2727272727272725,8.51063829787233,58.0,0.797498045347928,Low,0.49590909090909085,49.6,Divergent,Growing
TS9,2023Q2,2023,2,NORTH YORKSHIRE,MIDDLESBROUGH,Detached,271000.0,302048.537037037,170222.91320641807,-1.4545454545454546,8.400000000000007,280333.3333333333,56.35614556396459,60.0,54,10.204081632653061,5.882352941176472,50.666666666666664,0.8444096950742768,Medium,0.5320890538033396,53.2,Divergent,Stable
TS9,2023Q3,2023,3,NORTH YORKSHIRE,MIDDLESBROUGH,Detached,220000.0,258088.50943396226,154883.09937058768,-20.0,-18.81918819188192,247000.0,60.01162148221015,20.0,53,-30.263157894736842,-1.851851851851849,52.666666666666664,0.8287724784988272,Medium,0.25894736842105265,25.9,Aligned,Declining
TS9,2023Q4,2023,4,NORTH YORKSHIRE,MIDDLESBROUGH,Detached,280000.0,356902.5,265638.65291732654,-12.5,27.27272727272727,257000.0,74.42891347562053,75.0,70,48.93617021276596,32.0754716981132,59.0,1.09460516028147,Medium,0.6207446808510638,62.1,Divergent,Declining
WF11,2020Q1,2020,1,SELBY,KNOTTINGLEY,Detached,205000.0,207136.36363636365,82901.17336596959,28.125,61.417322834645674,174000.0,40.022510731870334,72.5,11,-35.294117647058826,-21.42857142857143,15.333333333333334,0.7719298245614035,Low,0.5275735294117647,52.8,Divergent,Declining
WF11,2020Q2,2020,2,SELBY,KNOTTINGLEY,Detached,166750.0,205666.66666666666,101659.0707544913,-2.4853801169590644,-18.65853658536586,166250.0,49.42904574772673,25.0,6,-50.0,-45.45454545454546,10.333333333333334,0.42105263157894735,Low,0.2850877192982456,28.5,Aligned,Declining
WF11,2020Q3,2020,3,SELBY,KNOTTINGLEY,Semi-Detached,149000.0,200178.57142857142,107656.79212251259,-21.578947368421055,-10.64467766116941,173583.33333333334,53.78037786673243,10.0,14,-33.33333333333333,133.33333333333334,10.333333333333334,0.9824561403508771,Medium,0.23719298245614034,23.7,Aligned,Declining
WF11,2020Q4,2020,4,SELBY,KNOTTINGLEY,Detached,156500.0,234814.2857142857,160973.16478289102,23.228346456692915,5.033557046979875,157416.66666666666,68.55339499180126,15.0,14,0.0,0.0,11.333333333333334,0.9824561403508771,Medium,0.6393700787401575,63.9,Divergent,Growing
WF11,2021Q1,2021,1,SELBY,KNOTTINGLEY,Detached,220000.0,236116.66666666666,135316.12370051595,7.317073170731707,40.575079872204476,175166.66666666666,57.30900982586968,80.0,21,90.9090909090909,50.0,16.333333333333332,1.4736842105263157,High,0.7439024390243902,74.4,Aligned,Growing
WF11,2021Q2,2021,2,NORTH YORKSHIRE,KNOTTINGLEY,Detached,195000.0,263761.90476190473,222033.02789492934,16.94152923538231,-11.363636363636365,190500.0,84.1793389744271,55.00000000000001,21,250.0,0.0,18.666666666666668,1.4736842105263157,High,0.8016491754122939,80.2,Aligned,Booming
WF11,2021Q3,2021,3,SELBY,KNOTTINGLEY,Semi-Detached,168750.0,184756.15,77946.24999337009,13.25503355704698,-13.461538461538458,194583.33333333334,42.1887173949934,30.0,20,42.857142857142854,-4.761904761904767,20.666666666666668,1.4035087719298245,High,0.7509587727708533,75.1,Aligned,Booming
WF11,2021Q4,2021,4,SELBY,KNOTTINGLEY,Detached,203250.0,222662.5,122271.84156066501,29.87220447284345,20.444444444444443,189000.0,54.91353126847359,65.0,12,-14.285714285714285,-40.0,17.666666666666668,0.8421052631578947,Medium,0.6220903696942035,62.2,Divergent,Growing
WF11,2022Q1,2022,1,SELBY,KNOTTINGLEY,Detached,250000.0,259116.66666666666,129568.26891459117,13.636363636363635,23.001230012300123,207333.33333333334,50.00383440455053,95.0,15,-28.57142857142857,25.0,15.666666666666666,1.0526315789473684,Medium,0.4675324675324675,46.8,Divergent,Declining
WF11,2022Q2,2022,2,SELBY,KNOTTINGLEY,Semi-Detached,257500.0,292148.1875,128262.58925408649,32.05128205128205,3.0000000000000027,236916.66666666666,43.903263734636894,100.0,16,-23.809523809523807,6.666666666666665,14.333333333333334,1.1228070175438596,Medium,0.5970695970695971,59.7,Divergent,Declining
WF11,2022Q3,2022,3,SELBY,KNOTTINGLEY,Detached,227500.0,235928.57142857142,82456.94847402704,34.81481481481482,-11.650485436893199,245000.0,34.94996302259699,85.0,14,-30.0,-12.5,15.0,0.9824561403508771,Medium,0.5888888888888888,58.9,Divergent,Declining
WF11,2022Q4,2022,4,SELBY,KNOTTINGLEY,Semi-Detached,205000.0,209458.33333333334,70339.42131675857,0.8610086100861009,-9.890109890109889,230000.0,33.58158169091318,72.5,18,50.0,28.57142857142858,16.0,1.263157894736842,High,0.7051660516605166,70.5,Aligned,Stable
WF11,2023Q1,2023,1,NORTH YORKSHIRE,KNOTTINGLEY,Semi-Detached,181000.0,176250.0,46283.63641720473,-27.6,-11.707317073170731,204500.0,26.260219243804105,40.0,6,-60.0,-66.66666666666667,12.666666666666666,0.42105263157894735,Low,0.1344,13.4,Aligned,Declining
WF11,2023Q2,2023,2,NORTH YORKSHIRE,KNOTTINGLEY,Detached,232500.0,309400.0,166676.99729888173,-9.70873786407767,28.45303867403315,206166.66666666666,53.87103985096371,90.0,15,-6.25,150.0,13.0,1.0526315789473684,Medium,0.416747572815534,41.7,Aligned,Declining
WF11,2023Q3,2023,3,NORTH YORKSHIRE,KNOTTINGLEY,Detached,200000.0,182500.0,42975.28359417771,-12.087912087912088,-13.978494623655912,204500.0,23.54810059954943,60.0,9,-35.714285714285715,-40.0,10.0,0.631578947368421,Low,0.2846153846153846,28.5,Aligned,Declining
WF11,2023Q4,2023,4,NORTH YORKSHIRE,KNOTTINGLEY,Detached,185000.0,259222.22222222222,178732.8857385916,-9.75609756097561,-7.499999999999996,205833.33333333334,68.94967731021536,45.0,9,-50.0,0.0,11.0,0.631578947368421,Low,0.2414634146341463,24.1,Aligned,Declining
WF8,2020Q1,2020,1,SELBY,PONTEFRACT,Detached,240000.0,240000.0,84852.8137423857,-34.24657534246575,26.984126984126977,221333.33333333334,35.35533905932737,20.0,2,-60.0,100.0,2.3333333333333335,0.7142857142857143,Low,0.09452054794520547,9.5,Aligned,Declining
WF8,2020Q2,2020,2,SELBY,PONTEFRACT,Detached,176000.0,176000.0,36769.55262170047,-39.310344827586206,-26.66666666666667,201666.66666666666,20.891791262329814,5.0,2,-60.0,0.0,1.6666666666666667,0.7142857142857143,Low,0.06413793103448276,6.4,Aligned,Declining
WF8,2020Q3,2020,3,SELBY,PONTEFRACT,Detached,255000.0,255000.0,177047.3266630183,8.51063829787234,44.88636363636365,223666.66666666666,0.0,35.0,1,-75.0,-50.0,1.6666666666666667,0.35714285714285715,Low,0.35106382978723405,35.1,Divergent,Declining
WF8,2020Q4,2020,4,SELBY,PONTEFRACT,Detached,249500.0,348500.0,236964.83564726083,32.01058201058201,-2.1568627450980427,226833.33333333334,67.9956486792714,25.0,4,300.0,300.0,2.3333333333333335,1.4285714285714286,High,0.892063492063492,89.2,Aligned,Booming
WF8,2021Q1,2021,1,SELBY,PONTEFRACT,Detached,255475.0,287241.6666666667,60680.313254519926,6.447916666666667,2.3947895791583074,253325.0,21.125177958578405,40.0,6,200.0,50.0,3.6666666666666665,2.142857142857143,High,0.7386874999999999,73.9,Aligned,Growing
WF8,2021Q2,2021,2,SELBY,PONTEFRACT,Detached,419500.0,419500.0,269407.6836320746,138.35227272727272,64.20393384871319,308158.3333333333,64.22114031753866,85.0,2,0.0,-66.66666666666667,4.0,0.7142857142857143,Low,0.8,80.0,Divergent,Growing
WF8,2021Q3,2021,3,SELBY,PONTEFRACT,Other,365000.0,507333.3333333333,253488.32977739495,43.13725490196079,-12.99165673420739,346658.3333333333,49.964848182140926,67.5,3,200.0,50.0,3.6666666666666665,1.0714285714285714,Medium,0.9588235294117647,95.9,Aligned,Booming
WF8,2021Q4,2021,4,SELBY,PONTEFRACT,Other,760000.0,760000.0,177047.3266630183,204.60921843687373,108.21917808219177,514833.3333333333,0.0,95.0,1,-75.0,-66.66666666666667,2.0,0.35714285714285715,Low,0.6,60.0,Divergent,Declining
WF8,2022Q1,2022,1,SELBY,PONTEFRACT,Detached,415000.0,675000.0,556608.0308439684,62.442509051766315,-45.39473684210527,513333.3333333333,82.46044901392125,77.5,5,-16.666666666666664,400.0,3.0,1.7857142857142858,High,0.7333333333333334,73.3,Divergent,Growing
WF8,2022Q2,2022,2,SELBY,PONTEFRACT,Detached,275000.0,348333.3333333333,131370.9759929237,-34.44576877234803,-33.734939759036145,483333.3333333333,37.71415578744221,45.0,3,50.0,-40.0,3.0,1.0714285714285714,Medium,0.4933253873659118,49.3,Divergent,Declining
WF8,2022Q3,2022,3,SELBY,PONTEFRACT,Detached,415000.0,435000.0,209841.20980716188,13.698630136986301,50.90909090909091,368333.3333333333,48.23935857635905,77.5,4,33.33333333333333,33.33333333333333,4.0,1.4285714285714286,High,0.7155251141552511,71.6,Aligned,Booming
WF8,2022Q4,2022,4,SELBY,PONTEFRACT,Detached,335000.0,335000.0,177047.3266630183,-55.92105263157895,-19.277108433734934,341666.6666666667,0.0,60.0,1,0.0,-75.0,2.6666666666666665,0.35714285714285715,Low,0.2,20.0,Divergent,Declining
WF8,2023Q1,2023,1,NORTH YORKSHIRE,PONTEFRACT,Detached,250000.0,250000.0,127279.22061357855,-39.75903614457831,-25.373134328358205,333333.3333333333,50.91168824543142,30.0,2,-60.0,100.0,2.3333333333333335,0.7142857142857143,Low,0.06144578313253013,6.1,Aligned,Declining
WF8,2023Q2,2023,2,NORTH YORKSHIRE,PONTEFRACT,Detached,300000.0,300000.0,177047.3266630183,9.090909090909092,19.999999999999996,295000.0,0.0,55.00000000000001,1,-66.66666666666666,-50.0,1.3333333333333333,0.35714285714285715,Low,0.35454545454545455,35.5,Divergent,Declining
WF8,2023Q3,2023,3,NORTH YORKSHIRE,PONTEFRACT,Detached,675000.0,611666.6666666666,197758.2699492826,62.65060240963856,125.0,408333.3333333333,32.331052307784624,90.0,3,-25.0,200.0,2.0,1.0714285714285714,Medium,0.7,70.0,Divergent,Declining
WF8,2023Q4,2023,4,NORTH YORKSHIRE,PONTEFRACT,Other,1461600.0,1461600.0,177047.3266630183,336.2985074626866,116.53333333333333,812200.0,0.0,100.0,1,0.0,-66.66666666666667,1.6666666666666667,0.35714285714285715,Low,0.8,80.0,Divergent,Growing
YO11,2020Q1,2020,1,SCARBOROUGH,SCARBOROUGH,Flat,140000.0,159241.03100775194,137132.5837757557,0.0,-9.090909090909093,144666.66666666666,86.1163626660267,17.5,129,-3.007518796992481,-40.55299539170507,162.33333333333334,0.7568201818715167,Low,0.48796992481203005,48.8,Divergent,Stable
YO11,2020Q2,2020,2,SCARBOROUGH,SCARBOROUGH,Flat,133500.0,154934.4024390244,112883.3757023024,-4.642857142857143,-4.642857142857137,142500.0,72.85881890997612,5.0,82,-51.4792899408284,-36.434108527131784,142.66666666666666,0.4810794954532121,Low,0.2721428571428571,27.2,Aligned,Declining
YO11,2020Q3,2020,3,SCARBOROUGH,SCARBOROUGH,Flat,155000.0,195809.13725490196,196606.56505325617,10.714285714285714,16.104868913857672,142833.33333333334,100.4072474908646,50.0,153,8.51063829787234,86.58536585365854,121.33333333333333,0.8976239366383104,Medium,0.5983282674772037,59.8,Aligned,Growing
YO11,2020Q4,2020,4,SCARBOROUGH,SCARBOROUGH,Flat,160000.0,187838.9495412844,158381.1322438692,3.896103896103896,3.2258064516129004,149500.0,84.31751382269054,60.0,218,0.4608294930875576,42.48366013071896,151.0,1.2789674391317103,High,0.5252199413489735,52.5,Aligned,Growing
YO11,2021Q1,2021,1,SCARBOROUGH,SCARBOROUGH,Flat,165000.0,180468.34969325154,95535.28231939285,17.857142857142858,3.125,160000.0,52.937416716990846,75.0,163,26.356589147286826,-25.229357798165143,178.0,0.9562921677911411,Medium,0.7125692137320044,71.3,Aligned,Booming
YO11,2021Q2,2021,2,SCARBOROUGH,SCARBOROUGH,Flat,148000.0,179224.84375,126561.28183659511,10.861423220973784,-10.303030303030303,157666.66666666666,70.6159253307175,30.0,192,134.14634146341464,17.791411042944794,191.0,1.1264300381343504,Medium,0.7651685393258427,76.5,Aligned,Booming
YO11,2021Q3,2021,3,SCARBOROUGH,SCARBOROUGH,Flat,159975.0,176061.02586206896,93027.69244920336,3.2096774193548385,8.091216216216225,157658.33333333334,52.83832239060325,55.00000000000001,232,51.633986928104584,20.833333333333325,195.66666666666666,1.3611029627456732,High,0.7192580645161291,71.9,Aligned,Growing
YO11,2021Q4,2021,4,SCARBOROUGH,SCARBOROUGH,Flat,151995.0,184169.28229665072,196630.251825387,-5.003125,-4.98827941865917,153323.33333333334,106.76604120586448,40.0,209,-4.128440366972478,-9.913793103448276,211.0,1.2261660310941627,High,0.4534674885321101,45.3,Aligned,Declining
YO11,2022Q1,2022,1,SCARBOROUGH,SCARBOROUGH,Flat,151500.0,197843.06779661018,158968.18340525194,-8.181818181818182,-0.32566860751997995,154490.0,80.35064618421555,35.0,177,8.588957055214724,-15.311004784688997,206.0,1.0384276914051043,Medium,0.4852649191299498,48.5,Divergent,Declining
YO11,2022Q2,2022,2,SCARBOROUGH,SCARBOROUGH,Flat,161000.0,179763.49180327868,104713.62301213834,8.783783783783784,6.270627062706269,154831.66666666666,58.25077270235162,65.0,183,-4.6875,3.3898305084745672,189.66666666666666,1.0736286300968028,Medium,0.5339527027027027,53.4,Divergent,Growing
YO11,2022Q3,2022,3,SCARBOROUGH,SCARBOROUGH,Flat,180000.0,203050.265,115668.05467025362,12.517580872011253,11.801242236024834,164166.66666666666,56.96523206716998,95.0,200,-13.793103448275861,9.289617486338809,186.66666666666666,1.1733646230566148,Medium,0.5199330714389641,52.0,Divergent,Growing
YO11,2022Q4,2022,4,NORTH YORKSHIRE,SCARBOROUGH,Flat,182000.0,207970.0621761658,114770.70262133116,19.74078094674167,1.1111111111111072,174333.33333333334,55.186165460734436,100.0,193,-7.655502392344498,-3.500000000000003,192.0,1.1322968612496334,Medium,0.587822676111072,58.8,Divergent,Growing
YO11,2023Q1,2023,1,SCARBOROUGH,SCARBOROUGH,Flat,163048.0,192228.69871794872,127217.9442186959,7.622442244224422,-10.413186813186815,175016.0,66.18051574357214,70.0,156,-11.864406779661017,-19.17098445595855,183.0,0.9152244059841597,Medium,0.49827702634670246,49.8,Divergent,Growing
YO11,2023Q2,2023,2,NORTH YORKSHIRE,SCARBOROUGH,Flat,168750.0,206887.02459016393,153786.2272795167,4.813664596273292,3.497129679603561,171266.0,74.33343274386681,80.0,122,-33.33333333333333,-21.794871794871796,157.0,0.7157524200645351,Low,0.39554865424430646,39.6,Divergent,Declining
YO11,2023Q3,2023,3,NORTH YORKSHIRE,SCARBOROUGH,Flat,171000.0,185691.35135135136,96049.97429313792,-5.0,1.333333333333342,167599.33333333334,51.725604662868385,85.0,148,-26.0,21.311475409836067,142.0,0.868289821061895,Medium,0.366,36.6,Aligned,Declining
YO11,2023Q4,2023,4,NORTH YORKSHIRE,SCARBOROUGH,Flat,175750.0,197219.02083333334,138016.38886251437,-3.4340659340659343,2.777777777777768,171833.33333333334,69.98127679538062,90.0,192,-0.5181347150259068,29.729729729729737,154.0,1.1264300381343504,Medium,0.47732306553550075,47.7,Aligned,Declining
YO12,2020Q1,2020,1,SCARBOROUGH,SCARBOROUGH,Terraced,155000.0,169695.84905660377,78121.85046250463,6.896551724137931,4.026845637583887,148000.0,46.036394465044516,35.0,159,3.2467532467532463,-27.064220183486242,211.33333333333334,0.7890818858560794,Low,0.5543663233318405,55.4,Aligned,Growing
YO12,2020Q2,2020,2,SCARBOROUGH,SCARBOROUGH,Terraced,140000.0,165031.5436893204,84264.25264254936,-1.5817223198594026,-9.677419354838712,148000.0,51.05948278662458,7.5,103,-43.40659340659341,-35.22012578616353,160.0,0.511166253101737,Low,0.3168832924544699,31.7,Aligned,Declining
YO12,2020Q3,2020,3,SCARBOROUGH,SCARBOROUGH,Semi-Detached,162500.0,183420.0710900474,125961.23269017438,16.071428571428573,16.07142857142858,152500.0,68.67363639191676,50.0,211,-17.898832684824903,104.85436893203884,157.66666666666666,1.0471464019851116,Medium,0.5248332406892717,52.5,Divergent,Growing
YO12,2020Q4,2020,4,SCARBOROUGH,SCARBOROUGH,Terraced,152000.0,178482.24786324787,109017.1178587965,2.013422818791946,-6.4615384615384635,151500.0,61.08009012880924,30.0,234,7.339449541284404,10.90047393364928,182.66666666666666,1.1612903225806452,Medium,0.5414383350778893,54.1,Aligned,Stable
YO12,2021Q1,2021,1,SCARBOROUGH,SCARBOROUGH,Terraced,170000.0,191045.94163424126,93755.19435426885,9.67741935483871,11.842105263157897,161500.0,49.07468515283293,67.5,257,61.63522012578616,9.829059829059839,234.0,1.2754342431761787,High,0.7580645161290323,75.8,Aligned,Growing
YO12,2021Q2,2021,2,SCARBOROUGH,SCARBOROUGH,Terraced,169975.0,184716.6447368421,82802.02314134932,21.410714285714285,-0.014705882352938904,163991.66666666666,44.826508872177605,60.0,228,121.35922330097087,-11.284046692607008,239.66666666666666,1.13151364764268,Medium,0.8284642857142857,82.8,Aligned,Booming
YO12,2021Q3,2021,3,SCARBOROUGH,SCARBOROUGH,Terraced,160000.0,181238.14869888476,81229.68244971042,-1.5384615384615385,-5.868510075011035,166658.33333333334,44.81930710110496,45.0,269,27.488151658767773,17.982456140350877,251.33333333333334,1.3349875930521091,High,0.600721837404302,60.1,Divergent,Stable
YO12,2021Q4,2021,4,SCARBOROUGH,SCARBOROUGH,Terraced,157000.0,176572.1081081081,99928.34292783737,3.289473684210526,-1.8750000000000044,162325.0,56.59350392229287,40.0,185,-20.94017094017094,-31.226765799256505,227.33333333333334,0.9181141439205955,Medium,0.4359761583445794,43.6,Divergent,Declining
YO12,2022Q1,2022,1,SCARBOROUGH,SCARBOROUGH,Terraced,170000.0,201755.5197740113,153155.95603858161,0.0,8.280254777070063,162333.33333333334,75.9116559537669,67.5,177,-31.1284046692607,-4.324324324324325,210.33333333333334,0.8784119106699751,Medium,0.3754863813229572,37.5,Divergent,Declining
YO12,2022Q2,2022,2,SCARBOROUGH,SCARBOROUGH,Terraced,172000.0,200587.8040201005,93451.8649598364,1.1913516693631416,1.17647058823529,166333.33333333334,46.58900645348895,75.0,199,-12.719298245614036,12.429378531073443,187.0,0.9875930521091811,Medium,0.4562709170337227,45.6,Divergent,Stable
YO12,2022Q3,2022,3,SCARBOROUGH,SCARBOROUGH,Terraced,176000.0,197921.3438914027,85127.1413088004,10.0,2.3255813953488413,172666.66666666666,43.01059180131111,80.0,221,-17.843866171003718,11.05527638190955,199.0,1.096774193548387,Medium,0.48862453531598515,48.9,Divergent,Growing
YO12,2022Q4,2022,4,NORTH YORKSHIRE,SCARBOROUGH,Semi-Detached,185000.0,210275.10619469028,96273.36513753029,17.8343949044586,5.1136363636363535,177666.66666666666,45.784480569179856,100.0,226,22.162162162162165,2.262443438914019,215.33333333333334,1.1215880893300247,Medium,0.6956550180754002,69.6,Aligned,Booming
YO12,2023Q1,2023,1,NORTH YORKSHIRE,SCARBOROUGH,Semi-Detached,180000.0,198784.8795180723,92794.28173335704,5.88235294117647,-2.7027027027026973,180333.33333333334,46.680754571637706,92.5,166,-6.214689265536723,-26.54867256637168,204.33333333333334,0.8238213399503722,Medium,0.5104353605849119,51.0,Divergent,Growing
YO12,2023Q2,2023,2,NORTH YORKSHIRE,SCARBOROUGH,Terraced,165000.0,197531.35416666666,131186.5344882078,-4.069767441860465,-8.333333333333337,176666.66666666666,66.4130183492386,55.00000000000001,192,-3.5175879396984926,15.662650602409634,194.66666666666666,0.9528535980148883,Medium,0.46151104359004325,46.2,Aligned,Declining
YO12,2023Q3,2023,3,NORTH YORKSHIRE,SCARBOROUGH,Terraced,180000.0,197071.5909090909,87036.35729677393,2.272727272727273,9.090909090909083,175000.0,44.164842276492195,92.5,198,-10.407239819004525,3.125,185.33333333333334,0.9826302729528535,Medium,0.4720074043603455,47.2,Divergent,Stable
YO12,2023Q4,2023,4,NORTH YORKSHIRE,SCARBOROUGH,Terraced,179000.0,205202.20618556702,130935.0989656274,-3.2432432432432434,-0.5555555555555536,174666.66666666666,63.80784173792999,85.0,194,-14.15929203539823,-2.020202020202022,194.66666666666666,0.9627791563275434,Medium,0.4239033723989476,42.4,Aligned,Declining
YO13,2020Q1,2020,1,SCARBOROUGH,SCARBOROUGH,Detached,195000.0,262413.07692307694,162180.33671379273,-17.02127659574468,-26.415094339622648,243666.66666666666,61.80345073326274,5.0,39,-2.5,-17.021276595744684,46.666666666666664,0.7594936708860759,Low,0.38787234042553187,38.8,Aligned,Declining
YO13,2020Q2,2020,2,SCARBOROUGH,SCARBOROUGH,Detached,201000.0,254621.5625,128697.65889762396,-14.631556593756637,3.076923076923066,220333.33333333334,50.54468193267173,10.0,16,-69.81132075471697,-58.97435897435898,34.0,0.311587147030185,Low,0.2122106604374602,21.2,Aligned,Declining
YO13,2020Q3,2020,3,SCARBOROUGH,SCARBOROUGH,Detached,225000.0,264432.35294117645,117927.40471303918,-16.974169741697416,11.940298507462677,207000.0,44.59643587533043,15.0,51,-5.555555555555555,218.75,35.333333333333336,0.9931840311587147,Medium,0.3759327593275933,37.6,Aligned,Declining
YO13,2020Q4,2020,4,SCARBOROUGH,SCARBOROUGH,Detached,233000.0,279300.0,139256.97446051825,-12.075471698113208,3.5555555555555562,219666.66666666666,49.85928194075125,25.0,79,68.08510638297872,54.90196078431373,48.666666666666664,1.5384615384615383,High,0.6275471698113207,62.8,Divergent,Declining
YO13,2021Q1,2021,1,SCARBOROUGH,SCARBOROUGH,Detached,251000.0,314508.8484848485,169968.98698013593,28.717948717948715,7.725321888412018,236333.33333333334,54.04267250316303,40.0,66,69.23076923076923,-16.455696202531644,65.33333333333333,1.2852969814995132,High,0.8723076923076922,87.2,Aligned,Booming
YO13,2021Q2,2021,2,SCARBOROUGH,SCARBOROUGH,Detached,310000.0,331786.2631578947,153965.01644176073,54.22885572139303,23.50597609561753,264666.6666666667,46.40487974889119,92.5,57,256.25,-13.636363636363635,67.33333333333333,1.110029211295034,Medium,1.0,100.0,Aligned,Booming
YO13,2021Q3,2021,3,SCARBOROUGH,SCARBOROUGH,Detached,271000.0,306539.8367346939,149071.84007793956,20.444444444444446,-12.580645161290327,277333.3333333333,48.6304950331657,72.5,49,-3.9215686274509802,-14.035087719298245,57.333333333333336,0.9542356377799416,Medium,0.6069803921568627,60.7,Divergent,Growing
YO13,2021Q4,2021,4,SCARBOROUGH,SCARBOROUGH,Semi-Detached,227995.0,275114.6037735849,114485.9876214854,-2.148068669527897,-15.869003690036898,269665.0,41.61392599707489,20.0,53,-32.91139240506329,8.163265306122458,53.0,1.0321324245374879,Medium,0.35546601836257946,35.5,Aligned,Declining
YO13,2022Q1,2022,1,SCARBOROUGH,SCARBOROUGH,Detached,310000.0,373294.0408163265,197610.68740834412,23.50597609561753,35.96789403276388,269665.0,52.93700563132626,92.5,49,-25.757575757575758,-7.547169811320753,50.333333333333336,0.9542356377799416,Medium,0.5380055535434022,53.8,Divergent,Declining
YO13,2022Q2,2022,2,SCARBOROUGH,SCARBOROUGH,Semi-Detached,259995.0,309885.52173913043,190568.8678650604,-16.13064516129032,-16.130645161290325,265996.6666666667,61.49653807494955,47.5,69,21.052631578947366,40.816326530612244,57.0,1.3437195715676729,High,0.4874266553480475,48.7,Divergent,Declining
YO13,2022Q3,2022,3,SCARBOROUGH,SCARBOROUGH,Detached,285000.0,324947.7966101695,155867.01920854818,5.166051660516605,9.61749264408931,284998.3333333333,47.96678753773405,80.0,59,20.408163265306122,-14.492753623188403,59.0,1.1489776046738072,Medium,0.6126289630243241,61.3,Aligned,Growing
YO13,2022Q4,2022,4,SCARBOROUGH,SCARBOROUGH,Detached,259995.0,288647.2033898305,109946.98107956235,14.035395513059498,-8.773684210526312,268330.0,38.090436972318145,47.5,59,11.320754716981133,0.0,62.333333333333336,1.1489776046738072,Medium,0.6294953919462816,62.9,Aligned,Growing
YO13,2023Q1,2023,1,NORTH YORKSHIRE,SCARBOROUGH,Detached,292000.0,314975.37209302327,143571.1323832567,-5.806451612903226,12.309852112540632,278998.3333333333,45.58170101656555,85.0,43,-12.244897959183673,-27.118644067796616,53.666666666666664,0.8373904576436222,Medium,0.41618169848584596,41.6,Aligned,Declining
YO13,2023Q2,2023,2,NORTH YORKSHIRE,SCARBOROUGH,Detached,268500.0,325017.4318181818,223454.36959872296,3.27121675416835,-8.047945205479456,273498.3333333333,68.75150306514196,60.0,44,-36.231884057971016,2.3255813953488413,48.666666666666664,0.8568646543330087,Medium,0.374699764293126,37.5,Divergent,Declining
YO13,2023Q3,2023,3,NORTH YORKSHIRE,SCARBOROUGH,Detached,340000.0,361996.5263157895,163002.32308238358,19.298245614035086,26.629422718808193,300166.6666666667,45.02869813181237,100.0,57,-3.389830508474576,29.54545454545454,48.0,1.110029211295034,Medium,0.6022301516503122,60.2,Divergent,Growing
YO13,2023Q4,2023,4,NORTH YORKSHIRE,SCARBOROUGH,Detached,268995.0,336335.4651162791,198871.33813579415,3.4616050308659783,-20.88382352941176,292498.3333333333,59.12886351935549,65.0,43,-27.11864406779661,-24.561403508771928,48.0,0.8373904576436222,Medium,0.4122950539140094,41.2,Divergent,Declining
YO14,2020Q1,2020,1,SCARBOROUGH,FILEY,Semi-Detached,159000.0,197991.92857142858,172040.09358612334,-1.8518518518518516,-3.490136570561453,159583.33333333334,86.89247830830502,15.0,56,-25.333333333333336,-37.77777777777778,75.0,0.6253489670575098,Low,0.38755555555555554,38.8,Aligned,Declining
YO14,2020Q2,2020,2,SCARBOROUGH,FILEY,Terraced,146500.0,152814.35135135136,59486.15173589013,-10.122699386503067,-7.861635220125784,156750.0,38.927071449669896,5.0,37,-55.42168674698795,-33.92857142857143,61.0,0.413176996091569,Low,0.2392638036809816,23.9,Aligned,Declining
YO14,2020Q3,2020,3,SCARBOROUGH,FILEY,Semi-Detached,170000.0,224404.93827160494,153531.6122995803,9.67741935483871,16.040955631399314,158500.0,68.41721643119804,35.0,81,2.5316455696202533,118.9189189189189,58.0,0.9045226130653267,Medium,0.5681910984075134,56.8,Aligned,Growing
YO14,2020Q4,2020,4,SCARBOROUGH,FILEY,Detached,190000.0,197892.83809523808,77118.57744834396,15.326251896813353,11.764705882352944,168833.33333333334,38.96986782878408,67.5,105,16.666666666666664,29.629629629629626,74.33333333333333,1.172529313232831,Medium,0.6586241780475467,65.9,Aligned,Booming
YO14,2021Q1,2021,1,SCARBOROUGH,FILEY,Semi-Detached,177475.0,196847.0849056604,86074.32405212845,11.619496855345911,-6.592105263157899,179158.33333333334,43.72649160305313,40.0,106,89.28571428571429,0.952380952380949,97.33333333333333,1.1836962590731435,Medium,0.7697169811320754,77.0,Aligned,Booming
YO14,2021Q2,2021,2,SCARBOROUGH,FILEY,Flat,179096.0,201279.60606060605,99568.8924090726,22.249829351535837,0.9133680800112787,182190.33333333334,49.46794876928169,45.0,165,345.94594594594594,55.660377358490564,125.33333333333333,1.8425460636515913,High,0.8334989761092151,83.3,Aligned,Booming
YO14,2021Q3,2021,3,SCARBOROUGH,FILEY,Terraced,181000.0,198944.2097902098,78094.40726037971,6.470588235294119,1.0631169875374047,179190.33333333334,39.25442582256184,50.0,143,76.5432098765432,-13.33333333333333,138.0,1.5968732551647125,High,0.7388235294117647,73.9,Aligned,Growing
YO14,2021Q4,2021,4,SCARBOROUGH,FILEY,Semi-Detached,185000.0,220159.9012345679,170938.278304159,-2.631578947368421,2.20994475138121,181698.66666666666,77.64278478760488,60.0,81,-22.857142857142858,-43.35664335664335,129.66666666666666,0.9045226130653267,Medium,0.392781954887218,39.3,Aligned,Declining
YO14,2022Q1,2022,1,SCARBOROUGH,FILEY,Flat,190000.0,237076.0357142857,167305.91028869915,7.057332018594169,2.7027027027026973,185333.33333333334,70.57057023272034,67.5,112,5.660377358490567,38.271604938271594,112.0,1.2506979341150195,High,0.5649855015455272,56.5,Aligned,Growing
YO14,2022Q2,2022,2,NORTH YORKSHIRE,FILEY,Flat,182999.0,210831.83157894737,137747.208914972,2.179278152499218,-3.684736842105263,185999.66666666666,65.33510992309131,55.00000000000001,95,-42.42424242424242,-15.17857142857143,96.0,1.0608598548297041,Medium,0.34337869921802566,34.3,Divergent,Declining
YO14,2022Q3,2022,3,SCARBOROUGH,FILEY,Detached,193500.0,201660.28,88092.90417314088,6.906077348066299,5.738282722856414,188833.0,43.683815262549906,75.0,100,-30.069930069930066,5.263157894736836,102.33333333333333,1.1166945840312674,Medium,0.4211567438086775,42.1,Divergent,Declining
YO14,2022Q4,2022,4,SCARBOROUGH,FILEY,Semi-Detached,205000.0,222818.05208333334,75346.67996337014,10.81081081081081,5.943152454780365,193833.0,33.81533913382866,90.0,96,18.51851851851852,-4.0000000000000036,97.0,1.0720268006700169,Medium,0.6389389389389389,63.9,Aligned,Growing
YO14,2023Q1,2023,1,NORTH YORKSHIRE,FILEY,Semi-Detached,211000.0,242024.34615384616,115902.13857196056,11.052631578947368,2.9268292682926855,203166.66666666666,47.888627906171784,95.0,78,-30.357142857142854,-18.75,91.33333333333333,0.8710217755443886,Medium,0.4448872180451128,44.5,Divergent,Declining
YO14,2023Q2,2023,2,NORTH YORKSHIRE,FILEY,Semi-Detached,218000.0,239505.49180327868,107548.30420445549,19.12633402368319,3.3175355450236976,211333.33333333334,44.904316554374404,100.0,61,-35.78947368421053,-21.794871794871796,78.33333333333333,0.6811836962590732,Low,0.47160010940525704,47.2,Divergent,Declining
YO14,2023Q3,2023,3,NORTH YORKSHIRE,FILEY,Detached,200000.0,248903.08219178082,197268.53866308974,3.359173126614987,-8.25688073394495,209666.66666666666,79.25516105545594,80.0,73,-27.0,19.672131147540984,70.66666666666667,0.8151870463428252,Medium,0.41215503875968995,41.2,Divergent,Declining
YO14,2023Q4,2023,4,NORTH YORKSHIRE,FILEY,Detached,204995.0,239448.2,171885.60548044267,-0.0024390243902439024,2.497499999999997,207665.0,71.78404576874775,85.0,75,-21.875,2.7397260273972712,69.66666666666667,0.8375209380234506,Medium,0.4124853658536585,41.2,Aligned,Declining
YO17,2020Q1,2020,1,RYEDALE,MALTON,Detached,222500.0,235236.17647058822,118439.0816332314,2.1814006888633752,9.336609336609335,206500.0,50.34900813737717,35.0,85,-1.1627906976744187,-46.540880503144656,123.33333333333333,0.7808911345888838,Low,0.5084372413424826,50.8,Divergent,Stable
YO17,2020Q2,2020,2,NORTH YORKSHIRE,MALTON,Detached,220000.0,270854.4029850746,177581.54218453605,4.265402843601896,-1.1235955056179803,215333.33333333334,65.56346887014483,30.0,67,-45.08196721311475,-21.176470588235297,103.66666666666667,0.6155259531465319,Low,0.34526454820915237,34.5,Divergent,Declining
YO17,2020Q3,2020,3,RYEDALE,MALTON,Detached,224950.0,263293.2,158541.15706665028,16.253229974160206,2.2499999999999964,222483.33333333334,60.21467970560966,42.5,125,-0.7936507936507936,86.56716417910448,92.33333333333333,1.148369315571888,Medium,0.5943447766703581,59.4,Divergent,Growing
YO17,2020Q4,2020,4,RYEDALE,MALTON,Detached,244995.0,312237.320754717,231620.61696043093,20.39066339066339,8.910869082018236,229981.66666666666,74.18095197607214,75.0,159,0.0,27.200000000000003,117.0,1.4607257694074416,High,0.6223439803439803,62.2,Divergent,Growing
YO17,2021Q1,2021,1,RYEDALE,MALTON,Detached,219000.0,282674.68595041323,208156.31563358952,-1.5730337078651686,-10.610420620828997,229648.33333333334,73.63811688115018,25.0,121,42.35294117647059,-23.899371069182386,135.0,1.1116214974735876,Medium,0.6599735624586913,66.0,Divergent,Stable
YO17,2021Q2,2021,2,RYEDALE,MALTON,Semi-Detached,224950.0,280842.2671755725,189170.3177591284,2.25,2.71689497716896,229648.33333333334,67.35820774472879,42.5,131,95.52238805970148,8.264462809917351,137.0,1.2034910427193386,High,0.7135,71.4,Aligned,Stable
YO17,2021Q3,2021,3,RYEDALE,MALTON,Semi-Detached,227950.0,265311.3043478261,143547.51968215188,1.3336296954878863,1.3336296954878923,223966.66666666666,54.105316030544806,55.00000000000001,115,-8.0,-12.213740458015266,122.33333333333333,1.056499770326137,Medium,0.4760017781729273,47.6,Divergent,Stable
YO17,2021Q4,2021,4,RYEDALE,MALTON,Detached,245100.0,289628.2315789474,145420.30153876953,0.04285801751056144,7.523579732397456,232666.66666666666,50.20929788024846,80.0,95,-40.25157232704403,-17.391304347826086,113.66666666666667,0.8727606798346349,Medium,0.33925085879688727,33.9,Divergent,Declining
YO17,2022Q1,2022,1,NORTH YORKSHIRE,MALTON,Detached,225000.0,271819.43137254904,132367.0408759957,2.73972602739726,-8.200734394124842,232683.33333333334,48.696680810348944,50.0,102,-15.702479338842975,7.36842105263158,104.0,0.9370693615066605,Medium,0.4536284388090116,45.4,Divergent,Stable
YO17,2022Q2,2022,2,RYEDALE,MALTON,Detached,241725.0,296340.98214285716,158099.76283443943,7.45721271393643,7.433333333333336,237275.0,53.350623896570696,70.0,112,-14.50381679389313,9.80392156862746,103.0,1.0289389067524117,Medium,0.486728009108046,48.7,Divergent,Growing
YO17,2022Q3,2022,3,RYEDALE,MALTON,Detached,275000.0,310384.2950819672,186387.77877582694,20.64049133581926,13.76564277588168,247241.66666666666,60.05064744870713,87.5,122,6.086956521739131,8.92857142857142,112.0,1.1208084519981627,Medium,0.6481907741018721,64.8,Aligned,Growing
YO17,2022Q4,2022,4,NORTH YORKSHIRE,MALTON,Detached,285000.0,331433.3381294964,181087.1548368936,16.27906976744186,3.6363636363636376,267241.6666666667,54.637579870175855,95.0,139,46.31578947368421,13.934426229508201,124.33333333333333,1.2769866789159394,High,0.782937576499388,78.3,Aligned,Booming
YO17,2023Q1,2023,1,NORTH YORKSHIRE,MALTON,Semi-Detached,240000.0,303134.8771929825,207606.91814306102,6.666666666666667,-15.789473684210531,266666.6666666667,68.48664860523252,65.0,57,-44.11764705882353,-58.992805755395686,106.0,0.5236564079007809,Low,0.3635294117647059,36.4,Divergent,Declining
YO17,2023Q2,2023,2,NORTH YORKSHIRE,MALTON,Detached,295000.0,337321.7375,208796.67059822794,22.039507705036716,22.916666666666675,273333.3333333333,61.89837398137674,100.0,80,-28.57142857142857,40.35087719298245,92.0,0.7349563619660083,Low,0.5179513319445059,51.8,Divergent,Declining
YO17,2023Q3,2023,3,NORTH YORKSHIRE,MALTON,Detached,275000.0,341614.54639175255,243352.34905529392,0.0,-6.779661016949157,270000.0,71.2359446123308,87.5,97,-20.491803278688526,21.249999999999993,78.0,0.891134588883785,Medium,0.4180327868852459,41.8,Divergent,Declining
YO17,2023Q4,2023,4,NORTH YORKSHIRE,MALTON,Detached,235000.0,293410.3896103896,194574.67554725584,-17.543859649122805,-14.54545454545455,268333.3333333333,66.31485538246461,60.0,77,-44.60431654676259,-20.618556701030933,84.66666666666667,0.707395498392283,Low,0.2163195759182128,21.6,Aligned,Declining
YO18,2020Q1,2020,1,RYEDALE,PICKERING,Detached,213750.0,252254.11666666667,121919.05842716234,-2.840909090909091,-2.840909090909094,218916.66666666666,48.33184093810785,10.0,60,33.33333333333333,-19.999999999999996,73.0,0.7879185817465528,Low,0.6162878787878787,61.6,Divergent,Stable
YO18,2020Q2,2020,2,RYEDALE,PICKERING,Detached,229950.0,252121.175,116361.36148199257,14.975,7.578947368421063,221233.33333333334,46.15295065239664,35.0,40,-57.89473684210527,-33.333333333333336,58.333333333333336,0.5252790544977018,Low,0.38985,39.0,Divergent,Declining
YO18,2020Q3,2020,3,RYEDALE,PICKERING,Detached,259950.0,274087.6538461539,94412.93899257816,16.5695067264574,13.04631441617743,234550.0,34.44625749015765,75.0,78,-7.142857142857142,95.0,59.333333333333336,1.0242941562705186,Medium,0.5708456117873159,57.1,Divergent,Growing
YO18,2020Q4,2020,4,RYEDALE,PICKERING,Detached,242000.0,283434.3333333333,132720.8785709317,10.0,-6.905174071936915,243966.66666666666,46.82597094362776,45.0,126,68.0,61.53846153846154,81.33333333333333,1.6546290216677608,High,0.76,76.0,Aligned,Growing
YO18,2021Q1,2021,1,RYEDALE,PICKERING,Detached,248995.0,284880.74725274724,185319.38205550818,16.48888888888889,2.8904958677685944,250315.0,65.0515641518913,55.00000000000001,91,51.66666666666667,-27.77777777777778,98.33333333333333,1.1950098489822718,Medium,0.7989333333333334,79.9,Aligned,Booming
YO18,2021Q2,2021,2,RYEDALE,PICKERING,Detached,250000.0,304048.2755102041,157139.12367876936,8.719286801478582,0.4036225627020551,246998.33333333334,51.68229400909582,60.0,98,145.0,7.692307692307687,105.0,1.2869336835193697,High,0.7523157208088715,75.2,Aligned,Growing
YO18,2021Q3,2021,3,RYEDALE,PICKERING,Semi-Detached,228000.0,283661.86363636365,201709.45015702132,-12.290825158684363,-8.799999999999997,242331.66666666666,71.10911829007792,30.0,88,12.82051282051282,-10.204081632653061,92.33333333333333,1.155613919894944,Medium,0.47753710032994506,47.8,Divergent,Declining
YO18,2021Q4,2021,4,RYEDALE,PICKERING,Terraced,266000.0,301924.53658536583,189055.61602089967,9.917355371900827,16.666666666666675,248000.0,62.61684398328,90.0,82,-34.92063492063492,-6.818181818181824,89.33333333333333,1.0768220617202888,Medium,0.41982159254886525,42.0,Divergent,Declining
YO18,2022Q1,2022,1,RYEDALE,PICKERING,Detached,260000.0,293418.18666666665,193617.83614745864,4.419767465210144,-2.2556390977443663,251333.33333333334,65.98699226759767,80.0,75,-17.582417582417584,-8.536585365853655,81.66666666666667,0.984898227183191,Medium,0.45618893446159053,45.6,Divergent,Growing
YO18,2022Q2,2022,2,RYEDALE,PICKERING,Terraced,239310.0,319385.0789473684,295751.4138584976,-4.276,-7.9576923076923105,255103.33333333334,92.60026011022092,40.0,76,-22.448979591836736,1.333333333333342,77.66666666666667,0.9980302035456335,Medium,0.3845480816326531,38.5,Aligned,Declining
YO18,2022Q3,2022,3,RYEDALE,PICKERING,Detached,269975.0,297955.22857142857,171490.856620182,18.410087719298247,12.813923363001955,256428.33333333334,57.5559145051454,95.0,70,-20.454545454545457,-7.8947368421052655,73.66666666666667,0.9192383453709783,Medium,0.5286423444976076,52.9,Divergent,Declining
YO18,2022Q4,2022,4,NORTH YORKSHIRE,PICKERING,Semi-Detached,245000.0,266598.62921348313,183140.9351548557,-7.894736842105263,-9.250856560792664,251428.33333333334,68.6953776525995,50.0,89,8.536585365853659,27.142857142857135,78.33333333333333,1.1687458962573867,Medium,0.4867779204107831,48.7,Divergent,Declining
YO18,2023Q1,2023,1,RYEDALE,PICKERING,Detached,265000.0,315622.9285714286,190365.46012644065,1.9230769230769231,8.163265306122458,259991.66666666666,60.31420498760092,85.0,84,12.0,-5.61797752808989,81.0,1.103086014445174,Medium,0.5595384615384615,56.0,Aligned,Stable
YO18,2023Q2,2023,2,NORTH YORKSHIRE,PICKERING,Semi-Detached,255000.0,320813.93617021275,217926.26681860964,6.556349504826375,-3.7735849056603765,255000.0,67.9291770863051,70.0,47,-38.15789473684211,-44.047619047619044,73.33333333333333,0.6172028890347997,Low,0.3867065180815898,38.7,Divergent,Declining
YO18,2023Q3,2023,3,NORTH YORKSHIRE,PICKERING,Detached,251750.0,276177.20588235295,113140.68591136564,-6.750625057875729,-1.274509803921564,257250.0,40.96669946018708,65.0,68,-2.857142857142857,44.6808510638298,66.33333333333333,0.8929743926460931,Medium,0.4480676782241742,44.8,Aligned,Declining
YO18,2023Q4,2023,4,NORTH YORKSHIRE,PICKERING,Detached,271500.0,303776.92307692306,165969.57182188265,10.816326530612246,7.845084409136049,259416.66666666666,54.63534561506355,100.0,52,-41.57303370786517,-23.529411764705888,55.666666666666664,0.6828627708470124,Low,0.39860582435221276,39.9,Divergent,Declining
YO19,2020Q1,2020,1,SELBY,YORK,Detached,275000.0,289389.6666666667,94878.97739576806,27.906976744186046,-5.982905982905984,280166.6666666667,32.785889865602684,30.0,15,-11.76470588235294,-25.0,24.0,0.7211538461538461,Low,0.6203830369357044,62.0,Divergent,Growing
YO19,2020Q2,2020,2,SELBY,YORK,Terraced,176250.0,183118.75,28667.277730890317,-37.610619469026545,-35.909090909090914,247916.66666666666,15.655020433948089,5.0,8,-33.33333333333333,-46.666666666666664,14.333333333333334,0.3846153846153846,Low,0.14100294985250741,14.1,Aligned,Declining
YO19,2020Q3,2020,3,RYEDALE,YORK,Detached,286250.0,447340.7916666667,357684.5255496111,4.853479853479854,62.4113475177305,245833.33333333334,79.9579497807429,45.0,24,-35.13513513513514,200.0,15.666666666666666,1.1538461538461537,Medium,0.3885803385803386,38.9,Divergent,Declining
YO19,2020Q4,2020,4,RYEDALE,YORK,Detached,331000.0,363400.0,189120.21354792776,13.162393162393164,15.633187772925773,264500.0,52.041885951548636,55.00000000000001,30,50.0,25.0,20.666666666666668,1.4423076923076923,High,0.778974358974359,77.9,Aligned,Booming
YO19,2021Q1,2021,1,RYEDALE,YORK,Detached,352500.0,375245.125,161742.0035550741,28.18181818181818,6.495468277945626,323250.0,43.10302593673245,65.0,40,166.66666666666669,33.33333333333333,31.333333333333332,1.923076923076923,High,0.8690909090909091,86.9,Aligned,Booming
YO19,2021Q2,2021,2,RYEDALE,YORK,Detached,385000.0,394023.3333333333,192583.28907224798,118.43971631205675,9.219858156028371,356166.6666666667,48.87611285429323,100.0,30,275.0,-25.0,33.333333333333336,1.4423076923076923,High,1.0,100.0,Aligned,Booming
YO19,2021Q3,2021,3,RYEDALE,YORK,Detached,264000.0,289568.3333333333,145801.28333202135,-7.77292576419214,-31.428571428571427,333833.3333333333,50.351252726306875,20.0,30,25.0,0.0,33.333333333333336,1.4423076923076923,High,0.5533624454148471,55.3,Divergent,Declining
YO19,2021Q4,2021,4,NORTH YORKSHIRE,YORK,Detached,370000.0,444226.3157894737,320482.9161543305,11.782477341389729,40.15151515151516,339666.6666666667,72.14406368176817,80.0,19,-36.666666666666664,-36.66666666666667,26.333333333333332,0.9134615384615384,Medium,0.4240281973816717,42.4,Divergent,Declining
YO19,2022Q1,2022,1,RYEDALE,YORK,Detached,238750.0,347375.0,201384.7375051049,-32.269503546099294,-35.47297297297297,290916.6666666667,57.9732961511637,15.0,20,-50.0,5.263157894736836,23.0,0.9615384615384615,Medium,0.10638297872340424,10.6,Aligned,Declining
YO19,2022Q2,2022,2,RYEDALE,YORK,Detached,378000.0,392643.75,197043.6600307996,-1.8181818181818181,58.32460732984293,328916.6666666667,50.18382695020603,85.0,16,-46.666666666666664,-19.999999999999996,18.333333333333332,0.7692307692307692,Low,0.30242424242424243,30.2,Aligned,Declining
YO19,2022Q3,2022,3,RYEDALE,YORK,Detached,340000.0,429228.5714285714,308507.2076027676,28.78787878787879,-10.052910052910057,318916.6666666667,71.87480706980541,60.0,21,-30.0,31.25,19.0,1.0096153846153846,Medium,0.5527272727272727,55.3,Divergent,Declining
YO19,2022Q4,2022,4,SELBY,YORK,Detached,364975.0,403171.4285714286,223421.3755305343,-1.3581081081081081,7.34558823529412,360991.6666666667,55.4159743715449,70.0,14,-26.31578947368421,-33.333333333333336,17.0,0.673076923076923,Low,0.38658819345661455,38.7,Aligned,Declining
YO19,2023Q1,2023,1,NORTH YORKSHIRE,YORK,Other,280000.0,280687.5,89547.64793114334,17.277486910994764,-23.282416603876975,328325.0,31.902969648147256,35.0,8,-60.0,-42.85714285714286,14.333333333333334,0.3846153846153846,Low,0.4036649214659686,40.4,Divergent,Declining
YO19,2023Q2,2023,2,NORTH YORKSHIRE,YORK,Detached,382500.0,377985.0,138206.53128370483,1.1904761904761905,36.60714285714286,342491.6666666667,36.56402536706611,95.0,20,25.0,150.0,14.0,0.9615384615384615,Medium,0.6071428571428572,60.7,Aligned,Stable
YO19,2023Q3,2023,3,NORTH YORKSHIRE,YORK,Detached,380000.0,425235.29411764705,214973.19001789638,11.76470588235294,-0.6535947712418277,347500.0,50.55393872325686,90.0,17,-19.047619047619047,-15.000000000000002,15.0,0.8173076923076923,Medium,0.4943977591036415,49.4,Divergent,Growing
YO19,2023Q4,2023,4,NORTH YORKSHIRE,YORK,Detached,365000.0,462750.0,295772.0828611111,0.006849784231796698,-3.9473684210526327,375833.3333333333,63.916171336814934,75.0,18,28.57142857142857,5.882352941176472,18.333333333333332,0.8653846153846153,Medium,0.614326812991105,61.4,Aligned,Stable
YO21,2020Q1,2020,1,SCARBOROUGH,WHITBY,Terraced,215000.0,232182.06451612903,113354.17270408133,22.15909090909091,11.688311688311682,201333.33333333334,48.82124419916463,35.0,124,25.252525252525253,24.0,112.66666666666667,1.3073273589878758,High,0.7339646464646465,73.4,Aligned,Booming
YO21,2020Q2,2020,2,NORTH YORKSHIRE,WHITBY,Semi-Detached,192500.0,222320.0,94351.99944240974,3.3695798093703857,-10.465116279069765,200000.0,42.43972626952579,17.5,42,-62.5,-66.12903225806453,88.66666666666667,0.4428044280442805,Low,0.32021747885622226,32.0,Divergent,Declining
YO21,2020Q3,2020,3,SCARBOROUGH,WHITBY,Flat,202500.0,244681.42222222223,143618.0587493903,3.0534351145038165,5.1948051948051965,203333.33333333334,58.69593917063097,30.0,90,-21.052631578947366,114.28571428571428,85.33333333333333,0.9488666315234582,Medium,0.4341100843712334,43.4,Divergent,Declining
YO21,2020Q4,2020,4,SCARBOROUGH,WHITBY,Terraced,222000.0,278840.25190839695,172445.38268918847,15.324675324675324,9.629629629629633,205666.66666666666,61.84379102692794,40.0,131,31.0,45.55555555555555,87.66666666666667,1.3811280969952557,High,0.7159480519480521,71.6,Aligned,Booming
YO21,2021Q1,2021,1,SCARBOROUGH,WHITBY,Terraced,225000.0,268844.856,158440.94686016883,4.651162790697675,1.3513513513513598,216500.0,58.93397002923084,45.0,125,0.8064516129032258,-4.580152671755721,115.33333333333333,1.3178703215603584,High,0.5311327831957989,53.1,Aligned,Growing
YO21,2021Q2,2021,2,SCARBOROUGH,WHITBY,Terraced,244950.0,281736.09929078014,166279.78016327546,27.246753246753247,8.866666666666667,230650.0,59.01969274858807,55.00000000000001,141,235.71428571428572,12.79999999999999,132.33333333333334,1.4865577227200844,High,0.8634805194805195,86.3,Aligned,Booming
YO21,2021Q3,2021,3,SCARBOROUGH,WHITBY,Terraced,230000.0,258915.54609929078,136288.53462711666,13.580246913580247,-6.103286384976525,233316.66666666666,52.63821994483552,50.0,141,56.666666666666664,0.0,135.66666666666666,1.4865577227200844,High,0.7814814814814814,78.1,Aligned,Booming
YO21,2021Q4,2021,4,SCARBOROUGH,WHITBY,Detached,252900.0,292550.1222222222,179688.51813067004,13.918918918918918,9.95652173913044,242616.66666666666,61.421446952661995,75.0,90,-31.297709923664126,-36.170212765957444,124.0,0.9488666315234582,Medium,0.45832267381885705,45.8,Divergent,Declining
YO21,2022Q1,2022,1,SCARBOROUGH,WHITBY,Flat,252487.5,302987.9347826087,203395.26607070706,12.216666666666667,-0.163107947805452,245129.16666666666,67.12982357420981,70.0,92,-26.400000000000002,2.2222222222222143,107.66666666666667,0.9699525566684238,Medium,0.46769999999999995,46.8,Divergent,Declining
YO21,2022Q2,2022,2,SCARBOROUGH,WHITBY,Flat,246000.0,300906.6666666667,174883.36921415964,0.4286589099816289,-2.5694341304024926,250462.5,58.11880845029233,65.0,69,-51.06382978723404,-25.0,83.66666666666667,0.727464417501318,Low,0.30257195345988974,30.3,Divergent,Declining
YO21,2022Q3,2022,3,SCARBOROUGH,WHITBY,Detached,270000.0,294090.6703296703,137282.29944089297,17.391304347826086,9.756097560975618,256162.5,46.68026336469702,85.0,91,-35.46099290780142,31.8840579710145,84.0,0.9594095940959411,Medium,0.46250385445575093,46.3,Divergent,Declining
YO21,2022Q4,2022,4,SCARBOROUGH,WHITBY,Detached,295000.0,339740.5324675325,194302.69797274837,16.64689600632661,9.259259259259256,270333.3333333333,57.19149745293256,95.0,77,-14.444444444444443,-15.384615384615385,79.0,0.8118081180811808,Medium,0.542103598260182,54.2,Divergent,Growing
YO21,2023Q1,2023,1,NORTH YORKSHIRE,WHITBY,Terraced,275000.0,330064.12658227846,214274.77388081892,8.916282984306154,-6.779661016949157,280000.0,64.91913438142284,90.0,79,-14.130434782608695,2.5974025974025983,82.33333333333333,0.8328940432261466,Medium,0.49697595877540207,49.7,Divergent,Growing
YO21,2023Q2,2023,2,NORTH YORKSHIRE,WHITBY,Detached,265000.0,317891.96428571426,158500.99792538895,7.723577235772358,-3.6363636363636376,278333.3333333333,49.86002030014567,80.0,56,-18.84057971014493,-29.11392405063291,70.66666666666667,0.5904059040590406,Low,0.4709791445740545,47.1,Divergent,Growing
YO21,2023Q3,2023,3,NORTH YORKSHIRE,WHITBY,Detached,245000.0,299541.7021276596,162449.69220358584,-9.25925925925926,-7.547169811320753,261666.66666666666,54.232746575751435,60.0,47,-48.35164835164835,-16.07142857142857,60.666666666666664,0.4955192409066948,Low,0.25103785103785103,25.1,Aligned,Declining
YO21,2023Q4,2023,4,NORTH YORKSHIRE,WHITBY,Flat,300000.0,351439.2987012987,226042.68927159155,1.694915254237288,22.44897959183674,270000.0,64.31912711723045,100.0,77,0.0,63.829787234042556,60.0,0.8118081180811808,Medium,0.5101694915254237,51.0,Divergent,Stable
YO22,2020Q1,2020,1,SCARBOROUGH,WHITBY,Semi-Detached,240000.0,260271.27659574468,90215.42860954793,20.030007501875467,14.28571428571428,227750.0,34.662076349543256,45.0,47,-4.081632653061225,-6.000000000000005,41.666666666666664,0.9894736842105263,Medium,0.6038535143990078,60.4,Divergent,Growing
YO22,2020Q2,2020,2,SCARBOROUGH,WHITBY,Detached,170000.0,250804.7619047619,185909.1894613886,-22.727272727272727,-29.166666666666664,206666.66666666666,74.12506367482126,5.0,21,-55.319148936170215,-55.319148936170215,39.333333333333336,0.4421052631578947,Low,0.1636363636363636,16.4,Aligned,Declining
YO22,2020Q3,2020,3,SCARBOROUGH,WHITBY,Detached,240000.0,275019.7755102041,133438.00438612953,2.8938906752411575,41.176470588235304,216666.66666666666,48.51942160834851,45.0,49,75.0,133.33333333333334,39.0,1.0315789473684212,Medium,0.717363344051447,71.7,Aligned,Stable
YO22,2020Q4,2020,4,SCARBOROUGH,WHITBY,Detached,250000.0,289070.2083333333,148421.4637553949,19.047619047619047,4.166666666666674,220000.0,51.34443449262223,55.00000000000001,72,44.0,46.93877551020409,47.333333333333336,1.5157894736842106,High,0.7902857142857143,79.0,Aligned,Booming
YO22,2021Q1,2021,1,SCARBOROUGH,WHITBY,Detached,251500.0,281146.1538461539,155546.09739974063,4.791666666666667,0.6000000000000005,247166.66666666666,55.32570702882782,60.0,52,10.638297872340425,-27.77777777777778,57.666666666666664,1.0947368421052632,Medium,0.5713031914893616,57.1,Aligned,Growing
YO22,2021Q2,2021,2,SCARBOROUGH,WHITBY,Detached,275000.0,296457.90410958906,126294.48726028345,61.76470588235294,9.343936381709739,258833.33333333334,42.60115365775414,80.0,73,247.61904761904762,40.38461538461537,65.66666666666667,1.5368421052631578,High,1.0,100.0,Aligned,Booming
YO22,2021Q3,2021,3,SCARBOROUGH,WHITBY,Detached,254000.0,296278.77419354836,175142.22304457985,5.833333333333333,-7.636363636363641,260166.66666666666,59.11399610765423,70.0,62,26.53061224489796,-15.068493150684937,62.333333333333336,1.305263157894737,High,0.6411224489795919,64.1,Aligned,Growing
YO22,2021Q4,2021,4,SCARBOROUGH,WHITBY,Detached,303000.0,381400.71428571426,206641.6072367483,21.2,19.291338582677177,277333.3333333333,54.17965921320989,100.0,35,-51.388888888888886,-43.548387096774185,56.666666666666664,0.7368421052631579,Low,0.4272,42.7,Divergent,Declining
YO22,2022Q1,2022,1,SCARBOROUGH,WHITBY,Detached,285000.0,320164.86486486485,192425.3826757216,13.320079522862823,-5.940594059405946,280666.6666666667,60.101967390125864,90.0,37,-28.846153846153843,5.714285714285716,44.666666666666664,0.7789473684210526,Low,0.4645358617525616,46.5,Divergent,Declining
YO22,2022Q2,2022,2,SCARBOROUGH,WHITBY,Semi-Detached,240000.0,306728.8085106383,229088.33175926955,-12.727272727272727,-15.789473684210531,276000.0,74.68758245162486,45.0,47,-35.61643835616438,27.027027027027017,39.666666666666664,0.9894736842105263,Medium,0.2811706102117061,28.1,Aligned,Declining
YO22,2022Q3,2022,3,SCARBOROUGH,WHITBY,Detached,297500.0,376152.5208333333,209349.9593776025,17.125984251968504,23.958333333333325,274166.6666666667,55.65560451749886,95.0,48,-22.58064516129032,2.127659574468077,44.0,1.0105263157894737,Medium,0.5124333248666497,51.2,Divergent,Declining
YO22,2022Q4,2022,4,SCARBOROUGH,WHITBY,Detached,280000.0,322141.3448275862,148254.2212875948,-7.590759075907591,-5.882352941176472,272500.0,46.02148208170615,85.0,29,-17.142857142857142,-39.583333333333336,41.333333333333336,0.6105263157894737,Low,0.38588401697312585,38.6,Aligned,Declining
YO22,2023Q1,2023,1,NORTH YORKSHIRE,WHITBY,Terraced,228000.0,272521.1176470588,220959.1493480001,-20.0,-18.571428571428573,268500.0,81.07964302207345,30.0,34,-8.108108108108109,17.24137931034482,37.0,0.7157894736842105,Low,0.34756756756756757,34.8,Aligned,Declining
YO22,2023Q2,2023,2,NORTH YORKSHIRE,WHITBY,Detached,274550.0,311648.737704918,159835.10770957064,14.395833333333332,20.41666666666666,260850.0,51.286942115231405,75.0,61,29.78723404255319,79.41176470588236,41.333333333333336,1.2842105263157895,High,0.7055239361702128,70.6,Aligned,Booming
YO22,2023Q3,2023,3,NORTH YORKSHIRE,WHITBY,Terraced,225000.0,281447.4727272727,194368.02388575618,-24.369747899159663,-18.047714441813877,242516.66666666666,69.0601418454029,25.0,55,14.583333333333334,-9.836065573770492,50.0,1.1578947368421053,Medium,0.41211484593837533,41.2,Divergent,Declining
YO22,2023Q4,2023,4,NORTH YORKSHIRE,WHITBY,Semi-Detached,253225.0,287553.7037037037,144849.4764749958,-9.5625,12.544444444444448,250925.0,50.3730171475201,65.0,54,86.20689655172413,-1.8181818181818188,56.666666666666664,1.1368421052631579,Medium,0.642625,64.3,Divergent,Declining
YO23,2020Q1,2020,1,SELBY,YORK,Detached,305000.0,531250.0,494391.46095646376,13.912231559290383,-71.73963400509614,558666.6666666666,93.06192206239318,30.0,4,100.0,100.0,5.333333333333333,0.6106870229007634,Low,0.7834733893557423,78.3,Aligned,Booming
YO23,2020Q2,2020,2,SELBY,YORK,Terraced,162500.0,162500.0,177047.3266630183,-75.92592592592592,-46.721311475409834,515583.3333333333,0.0,5.0,1,-85.71428571428571,-75.0,2.3333333333333335,0.15267175572519084,Low,0.0,0.0,Aligned,Declining
YO23,2020Q3,2020,3,SELBY,YORK,Detached,540000.0,530916.6666666666,118017.12446364155,85.08997429305913,232.30769230769232,335833.3333333333,22.228935701831716,70.0,6,-40.0,500.0,3.6666666666666665,0.916030534351145,Medium,0.64,64.0,Divergent,Declining
YO23,2020Q4,2020,4,SELBY,YORK,Detached,465000.0,418521.4285714286,158542.80141637582,-56.91452397498262,-13.888888888888884,389166.6666666667,37.88164490347416,60.0,7,250.0,16.666666666666675,4.666666666666667,1.0687022900763359,Medium,0.4,40.0,Divergent,Declining
YO23,2021Q1,2021,1,SELBY,YORK,Detached,280000.0,405773.55555555556,270263.2300069282,-8.19672131147541,-39.784946236559136,428333.3333333333,66.60444632398568,15.0,9,125.0,28.57142857142858,7.333333333333333,1.3740458015267176,High,0.6508196721311476,65.1,Divergent,Declining
YO23,2021Q2,2021,2,NORTH YORKSHIRE,YORK,Detached,687500.0,654250.0,328899.78632471693,323.0769230769231,145.53571428571428,477500.0,50.27127035914665,90.0,10,900.0,11.111111111111116,8.666666666666666,1.5267175572519085,High,1.0,100.0,Aligned,Booming
YO23,2021Q3,2021,3,SELBY,YORK,Detached,480500.0,541388.8888888889,263449.9214482918,-11.018518518518519,-30.10909090909091,482666.6666666667,48.66186337680095,65.0,9,50.0,-9.999999999999998,9.333333333333334,1.3740458015267176,High,0.633888888888889,63.4,Divergent,Declining
YO23,2021Q4,2021,4,NORTH YORKSHIRE,YORK,Detached,450000.0,516250.0,202367.7698787885,-3.225806451612903,-6.347554630593133,539333.3333333334,39.19956801526169,55.00000000000001,8,14.285714285714285,-11.111111111111116,9.0,1.2213740458015268,High,0.5377880184331797,53.8,Divergent,Declining
YO23,2022Q1,2022,1,NORTH YORKSHIRE,YORK,Detached,368000.0,455250.0,237466.08780443337,31.428571428571427,-18.222222222222218,432833.3333333333,52.16168869949113,50.0,8,-11.11111111111111,0.0,8.333333333333334,1.2213740458015268,High,0.6441269841269841,64.4,Divergent,Growing
YO23,2022Q2,2022,2,NORTH YORKSHIRE,YORK,Detached,702500.0,688785.7142857143,260527.3269644436,2.181818181818182,90.8967391304348,506833.3333333333,37.824147853388055,95.0,7,-30.0,-12.5,7.666666666666667,1.0687022900763359,Medium,0.3930909090909091,39.3,Divergent,Declining
YO23,2022Q3,2022,3,SELBY,YORK,Detached,570000.0,571000.0,135711.09018794302,18.6264308012487,-18.861209964412808,546833.3333333334,23.767266232564452,75.0,5,-44.44444444444444,-28.57142857142857,6.666666666666667,0.7633587786259542,Low,0.4339808070297145,43.4,Divergent,Declining
YO23,2022Q4,2022,4,SELBY,YORK,Detached,330000.0,530545.4545454546,323516.10891464545,-26.666666666666668,-42.10526315789473,534166.6666666666,60.97801915800376,35.0,11,37.5,120.00000000000001,7.666666666666667,1.6793893129770994,High,0.49,49.0,Divergent,Declining
YO23,2023Q1,2023,1,SELBY,YORK,Detached,355000.0,364500.0,67609.17097554148,-3.532608695652174,7.575757575757569,418333.3333333333,18.548469403440734,40.0,4,-50.0,-63.63636363636363,6.666666666666667,0.6106870229007634,Low,0.27880434782608693,27.9,Aligned,Declining
YO23,2023Q2,2023,2,NORTH YORKSHIRE,YORK,Detached,357500.0,409666.6666666667,169241.4448847169,-49.11032028469751,0.7042253521126751,347500.0,41.31198817364937,45.0,6,-14.285714285714285,50.0,7.0,0.916030534351145,Medium,0.14819522114895783,14.8,Aligned,Declining
YO23,2023Q3,2023,3,NORTH YORKSHIRE,YORK,Detached,649000.0,654366.6666666666,216882.22034090303,13.859649122807017,81.53846153846153,453833.3333333333,33.143836840849126,80.0,9,80.0,50.0,6.333333333333333,1.3740458015267176,High,0.783157894736842,78.3,Aligned,Booming
YO23,2023Q4,2023,4,NORTH YORKSHIRE,YORK,Detached,283750.0,334583.1666666667,118389.47377265712,-14.015151515151514,-56.278890600924505,430083.3333333333,35.3841691894214,20.0,6,-45.45454545454545,-33.333333333333336,7.0,0.916030534351145,Medium,0.2340909090909091,23.4,Aligned,Declining
YO25,2020Q3,2020,3,RYEDALE,DRIFFIELD,Detached,206500.0,206500.0,118086.83245815344,2.736318407960199,80.34934497816595,207666.66666666666,57.184906759396334,60.0,2,-60.0,100.0,1.6666666666666667,0.8108108108108107,Medium,0.3164179104477612,31.6,Divergent,Declining
YO25,2020Q4,2020,4,RYEDALE,DRIFFIELD,Detached,174497.5,220324.16666666666,142946.27103973948,-42.21937086092715,-15.497578692493953,165165.83333333334,64.87997808066424,40.0,6,200.0,200.0,3.0,2.4324324324324325,High,0.4466837748344371,44.7,Divergent,Declining
YO25,2021Q3,2021,3,RYEDALE,DRIFFIELD,Other,215000.0,255000.0,188215.30224718712,4.116222760290557,58.14637734461199,175149.16666666666,73.8099224498773,66.66666666666666,3,50.0,200.0,3.3333333333333335,1.2162162162162162,High,0.7246973365617433,72.5,Aligned,Growing
YO25,2021Q4,2021,4,RYEDALE,DRIFFIELD,Detached,245000.0,245000.0,177047.3266630183,40.403157638361584,13.953488372093027,198650.0,0.0,86.66666666666667,1,-83.33333333333334,-66.66666666666667,1.6666666666666667,0.4054054054054054,Low,0.5424189458301695,54.2,Divergent,Declining
YO25,2022Q3,2022,3,RYEDALE,DRIFFIELD,Flat,142500.0,142500.0,53033.00858899106,-33.72093023255814,-40.0,208333.33333333334,37.21614637823934,20.0,2,-33.33333333333333,100.0,1.3333333333333333,0.8108108108108107,Medium,0.16434108527131785,16.4,Aligned,Declining
YO25,2022Q4,2022,4,NORTH YORKSHIRE,DRIFFIELD,Detached,295000.0,305000.0,157955.68998931313,20.408163265306122,107.01754385964915,225000.0,51.78875081616824,93.33333333333333,5,400.0,150.0,2.6666666666666665,2.0270270270270268,High,0.8224489795918366,82.2,Aligned,Booming
YO25,2023Q3,2023,3,NORTH YORKSHIRE,DRIFFIELD,Semi-Detached,155000.0,155000.0,177047.3266630183,8.771929824561402,-23.456790123456795,217500.0,0.0,33.33333333333333,1,-50.0,-50.0,2.6666666666666665,0.4054054054054054,Low,0.35263157894736846,35.3,Divergent,Declining
YO25,2023Q4,2023,4,NORTH YORKSHIRE,DRIFFIELD,Detached,148500.0,141166.66666666666,72777.62934675279,-49.66101694915254,-4.193548387096779,168666.66666666666,51.554400954016145,26.666666666666668,3,-40.0,200.0,2.0,1.2162162162162162,High,0.04203389830508477,4.2,Aligned,Declining
YO26,2020Q1,2020,1,HARROGATE,YORK,Semi-Detached,275475.0,352955.57692307694,251287.3408842034,-1.6160714285714286,-21.281611658808398,325141.6666666667,71.19517506277255,5.0,26,-21.21212121212121,-44.680851063829785,33.333333333333336,0.6039488966318235,Low,0.40545508658008655,40.5,Aligned,Declining
YO26,2020Q2,2020,2,HARROGATE,YORK,Detached,334950.0,364463.07692307694,158582.0967390514,-15.197164377492248,21.589980942009255,320125.0,43.51115566434224,27.500000000000004,26,-40.909090909090914,0.0,33.0,0.6039488966318235,Low,0.24518065009868284,24.5,Aligned,Declining
YO26,2020Q3,2020,3,HARROGATE,YORK,Detached,334950.0,400457.9,280687.47774038836,-4.3,0.0,315125.0,70.09163203932007,27.500000000000004,60,122.22222222222223,130.76923076923075,37.333333333333336,1.3937282229965158,High,0.6742,67.4,Divergent,Declining
YO26,2020Q4,2020,4,HARROGATE,YORK,Detached,328750.0,393929.76666666666,191280.90847005896,-6.058008286898128,-1.8510225406777159,332883.3333333333,48.55710958037756,20.0,60,27.659574468085108,0.0,48.666666666666664,1.3937282229965158,High,0.5742902481509518,57.4,Divergent,Declining
YO26,2021Q1,2021,1,HARROGATE,YORK,Detached,470000.0,522039.74576271186,311418.6112836122,70.61439332062801,42.96577946768061,377900.0,59.65419564531865,95.0,59,126.92307692307692,-1.6666666666666718,59.666666666666664,1.3704994192799071,High,1.0,100.0,Aligned,Booming
YO26,2021Q2,2021,2,HARROGATE,YORK,Detached,423500.0,450254.962962963,167715.758961513,26.436781609195403,-9.89361702127659,407416.6666666667,37.249063920992015,70.0,54,107.6923076923077,-8.47457627118644,57.666666666666664,1.2543554006968642,High,0.8586206896551725,85.9,Aligned,Booming
YO26,2021Q3,2021,3,HARROGATE,YORK,Detached,380000.0,493272.97297297296,322137.8493307973,13.449768622182415,-10.271546635183004,424500.0,65.30620305208727,45.0,37,-38.333333333333336,-31.481481481481477,50.0,0.859465737514518,Medium,0.42736527839976124,42.7,Divergent,Declining
YO26,2021Q4,2021,4,HARROGATE,YORK,Detached,400000.0,575579.619047619,477445.31946600723,21.673003802281368,5.263157894736836,401166.6666666667,82.95035190023069,60.0,42,-30.0,13.513513513513509,44.333333333333336,0.9756097560975611,Medium,0.5100380228136883,51.0,Divergent,Declining
YO26,2022Q1,2022,1,HARROGATE,YORK,Detached,425000.0,438682.5581395349,159546.9328933686,-9.574468085106384,6.25,401666.6666666667,36.36956380714374,77.5,43,-27.11864406779661,2.3809523809523725,40.666666666666664,0.9988385598141697,Medium,0.3340786152181753,33.4,Aligned,Declining
YO26,2022Q2,2022,2,NORTH YORKSHIRE,YORK,Detached,447500.0,465082.32,210637.98418434043,5.667060212514758,5.294117647058827,424166.6666666667,45.29047334767325,85.0,50,-7.4074074074074066,16.279069767441868,45.0,1.1614401858304297,Medium,0.5043727316454589,50.4,Divergent,Growing
YO26,2022Q3,2022,3,NORTH YORKSHIRE,YORK,Detached,489950.0,512968.2,255222.5594758186,28.93421052631579,9.486033519553082,454150.0,49.75407042304349,100.0,50,35.13513513513514,0.0,47.666666666666664,1.1614401858304297,Medium,0.8141458036984353,81.4,Aligned,Booming
YO26,2022Q4,2022,4,NORTH YORKSHIRE,YORK,Detached,462500.0,457696.1388888889,222019.07693956041,15.625,-5.602612511480764,466650.0,48.507963706781055,90.0,36,-14.285714285714285,-28.000000000000004,45.333333333333336,0.8362369337979094,Medium,0.5366071428571428,53.7,Divergent,Growing
YO26,2023Q1,2023,1,NORTH YORKSHIRE,YORK,Detached,404720.0,451353.06666666665,378277.4537330424,-4.771764705882353,-12.492972972972971,452390.0,83.80965626902629,65.0,30,-30.23255813953488,-16.666666666666664,38.666666666666664,0.6968641114982579,Low,0.3504391792065663,35.0,Aligned,Declining
YO26,2023Q2,2023,2,NORTH YORKSHIRE,YORK,Detached,318000.0,359953.28205128206,284436.63781217084,-28.938547486033517,-21.42715951769124,395073.3333333333,79.02043181582869,15.0,39,-22.0,30.000000000000004,35.0,0.9059233449477353,Medium,0.23836871508379892,23.8,Aligned,Declining
YO26,2023Q3,2023,3,NORTH YORKSHIRE,YORK,Detached,425000.0,425767.8717948718,211827.0625045941,-13.256454740279619,33.64779874213837,382573.3333333333,49.75177239457115,77.5,39,-22.0,0.0,36.0,0.9059233449477353,Medium,0.3324612715583223,33.2,Aligned,Declining
YO26,2023Q4,2023,4,NORTH YORKSHIRE,YORK,Detached,384995.0,464312.22033898305,314333.50227925164,-16.757837837837837,-9.412941176470591,375998.3333333333,67.69873557274983,50.0,59,63.888888888888886,51.28205128205128,45.666666666666664,1.3704994192799071,High,0.599452972972973,59.9,Divergent,Declining
YO30,2020Q1,2020,1,HAMBLETON,YORK,Detached,300000.0,316916.6666666667,141644.06682479384,33.18534961154273,4.347826086956519,275833.3333333333,44.69442024447873,67.5,6,-40.0,-40.0,9.666666666666666,0.5555555555555555,Low,0.5391120976692564,53.9,Divergent,Declining
YO30,2020Q2,2020,2,HAMBLETON,YORK,Detached,370000.0,395428.5714285714,224806.47762231494,64.44444444444444,23.33333333333334,319166.6666666667,56.85134910968947,90.0,7,-22.22222222222222,16.666666666666675,7.666666666666667,0.6481481481481481,Low,0.7111111111111111,71.1,Divergent,Declining
YO30,2020Q3,2020,3,HAMBLETON,YORK,Detached,285000.0,306944.44444444444,104051.80333746156,18.75,-22.972972972972972,318333.3333333333,33.899230046593814,55.00000000000001,9,-30.76923076923077,28.57142857142858,7.333333333333333,0.8333333333333333,Medium,0.4894230769230769,48.9,Divergent,Declining
YO30,2020Q4,2020,4,NORTH YORKSHIRE,YORK,Detached,505000.0,450625.0,166738.00556561782,75.65217391304347,77.19298245614034,386666.6666666667,37.001499154644726,100.0,4,-60.0,-55.55555555555556,6.666666666666667,0.37037037037037035,Low,0.6,60.0,Divergent,Declining
YO30,2021Q1,2021,1,HAMBLETON,YORK,Detached,263750.0,302296.4285714286,149997.97750468008,-12.083333333333334,-47.77227722772277,351250.0,49.619500373699445,45.0,14,133.33333333333331,250.0,9.0,1.2962962962962963,High,0.6275,62.7,Divergent,Declining
YO30,2021Q2,2021,2,NORTH YORKSHIRE,YORK,Detached,342500.0,383474.8333333333,196890.44383377425,-7.4324324324324325,29.85781990521328,370416.6666666667,51.343771929520166,85.0,12,71.42857142857143,-14.28571428571429,10.0,1.111111111111111,Medium,0.6554054054054055,65.5,Divergent,Declining
YO30,2021Q3,2021,3,HAMBLETON,YORK,Terraced,230000.0,305734.23076923075,191541.89800413288,-19.298245614035086,-32.846715328467155,278750.0,62.64980454501654,15.0,13,44.44444444444444,8.333333333333325,13.0,1.2037037037037037,High,0.5619883040935673,56.2,Divergent,Declining
YO30,2021Q4,2021,4,NORTH YORKSHIRE,YORK,Semi-Detached,269250.0,293250.0,150933.5236832049,-46.68316831683168,17.065217391304355,280583.3333333333,51.469232287537906,50.0,8,100.0,-38.46153846153846,11.0,0.7407407407407407,Low,0.41990099009900994,42.0,Divergent,Declining
YO30,2022Q1,2022,1,HAMBLETON,YORK,Detached,325000.0,467360.55555555556,335334.68030503165,23.22274881516588,20.705663881151338,274750.0,71.7507449695699,80.0,9,-35.714285714285715,12.5,10.0,0.8333333333333333,Medium,0.49647935003385246,49.6,Divergent,Declining
YO30,2022Q2,2022,2,HAMBLETON,YORK,Detached,459000.0,469650.0,209837.20833064854,34.01459854014598,41.230769230769226,351083.3333333333,44.679486496465145,95.0,6,-50.0,-33.333333333333336,7.666666666666667,0.5555555555555555,Low,0.5040875912408759,50.4,Divergent,Declining
YO30,2022Q3,2022,3,HAMBLETON,YORK,Semi-Detached,300000.0,378069.23076923075,179617.65937037568,30.434782608695656,-34.64052287581699,361333.3333333333,47.509197986019736,67.5,13,0.0,116.66666666666666,9.333333333333334,1.2037037037037037,High,0.682608695652174,68.3,Divergent,Growing
YO30,2022Q4,2022,4,HAMBLETON,YORK,Semi-Detached,250000.0,344781.4583333333,194102.1810434501,-7.149489322191272,-16.666666666666664,336333.3333333333,56.297163421065676,40.0,24,200.0,84.61538461538463,14.333333333333334,2.222222222222222,High,0.6571030640668524,65.7,Divergent,Declining
YO30,2023Q1,2023,1,NORTH YORKSHIRE,YORK,Semi-Detached,245000.0,264285.71428571426,50916.868251371,-24.615384615384617,-2.0000000000000018,265000.0,19.2658420410593,35.0,14,55.55555555555556,-41.666666666666664,17.0,1.2962962962962963,High,0.5523076923076923,55.2,Divergent,Declining
YO30,2023Q2,2023,2,NORTH YORKSHIRE,YORK,Semi-Detached,243250.0,295759.25,159743.79339038496,-47.00435729847495,-0.7142857142857117,246083.33333333334,54.01142766976349,30.0,12,100.0,-14.28571428571429,16.666666666666668,1.111111111111111,Medium,0.41797385620915034,41.8,Divergent,Declining
YO30,2023Q3,2023,3,NORTH YORKSHIRE,YORK,Semi-Detached,242000.0,396045.45454545453,279000.2199412623,-19.333333333333332,-0.5138746145940343,243416.66666666666,70.44651484801756,25.0,11,-15.384615384615385,-8.333333333333337,12.333333333333334,1.0185185185185184,Medium,0.32246153846153847,32.2,Aligned,Declining
YO30,2023Q4,2023,4,NORTH YORKSHIRE,YORK,Semi-Detached,319250.0,435958.3333333333,250576.83074470513,27.700000000000003,31.921487603305778,268166.6666666667,57.477243026597755,75.0,12,-50.0,9.090909090909083,11.666666666666666,1.111111111111111,Medium,0.4662,46.6,Divergent,Declining
YO32,2020Q2,2020,2,RYEDALE,YORK,Semi-Detached,212500.0,212500.0,10606.601717798212,-28.45117845117845,68.65079365079364,211833.33333333334,4.991341984846217,25.0,2,100.0,100.0,1.3333333333333333,1.3333333333333333,High,0.5292929292929294,52.9,Divergent,Declining
YO32,2020Q3,2020,3,RYEDALE,YORK,Detached,245000.0,245000.0,177047.3266630183,94.44444444444444,15.294117647058814,194500.0,0.0,50.0,1,0.0,-50.0,1.3333333333333333,0.6666666666666666,Low,0.8,80.0,Divergent,Growing
YO32,2021Q2,2021,2,NORTH YORKSHIRE,YORK,Other,175000.0,175000.0,177047.3266630183,-17.647058823529413,-43.548387096774185,352583.3333333333,0.0,12.5,1,-50.0,-75.0,2.3333333333333335,0.6666666666666666,Low,0.1941176470588235,19.4,Aligned,Declining
YO32,2021Q3,2021,3,RYEDALE,YORK,Flat,193750.0,193750.0,26516.50429449553,-20.918367346938776,10.71428571428572,226250.0,13.68593770038479,18.75,2,100.0,100.0,2.3333333333333335,1.3333333333333333,High,0.5744897959183674,57.4,Divergent,Declining
YO32,2021Q4,2021,4,RYEDALE,YORK,Detached,430000.0,430000.0,177047.3266630183,-24.923614142295943,121.93548387096773,266250.0,0.0,81.25,1,-50.0,-50.0,1.3333333333333333,0.6666666666666666,Low,0.15045831514622435,15.0,Aligned,Declining
YO32,2022Q1,2022,1,RYEDALE,YORK,Other,962500.0,962500.0,177047.3266630183,210.48387096774195,123.83720930232558,528750.0,0.0,100.0,1,-75.0,0.0,1.3333333333333333,0.6666666666666666,Low,0.6,60.0,Divergent,Declining
YO32,2022Q2,2022,2,RYEDALE,YORK,Semi-Detached,253500.0,253500.0,44547.72721475249,44.857142857142854,-73.66233766233766,548666.6666666666,17.573067934813608,56.25,2,100.0,100.0,1.3333333333333333,1.3333333333333333,High,0.9691428571428572,96.9,Aligned,Booming
YO32,2022Q4,2022,4,RYEDALE,YORK,Detached,541000.0,541000.0,177047.3266630183,25.813953488372093,113.41222879684416,585666.6666666666,0.0,87.5,1,0.0,-50.0,1.3333333333333333,0.6666666666666666,Low,0.6548837209302325,65.5,Divergent,Growing
YO32,2023Q1,2023,1,RYEDALE,YORK,Semi-Detached,314500.0,314500.0,106773.12395916868,-67.32467532467533,-41.86691312384473,369666.6666666667,33.95011890593598,75.0,2,100.0,100.0,1.6666666666666667,1.3333333333333333,High,0.4,40.0,Divergent,Declining
YO32,2023Q2,2023,2,NORTH YORKSHIRE,YORK,Terraced,237500.0,237500.0,177047.3266630183,-6.31163708086785,-24.48330683624801,364333.3333333333,0.0,43.75,1,-50.0,-50.0,1.3333333333333333,0.6666666666666666,Low,0.26213017751479284,26.2,Aligned,Declining
YO32,2023Q4,2023,4,NORTH YORKSHIRE,YORK,Terraced,218000.0,218000.0,177047.3266630183,-59.70425138632163,-8.21052631578948,256666.66666666666,0.0,37.5,1,0.0,0.0,1.3333333333333333,0.6666666666666666,Low,0.2,20.0,Divergent,Declining
YO41,2020Q1,2020,1,RYEDALE,YORK,Detached,693750.0,693750.0,97227.18241315028,85.0,158.86194029850748,437250.0,14.014728996490131,87.5,2,100.0,100.0,2.0,0.7441860465116279,Low,1.0,100.0,Aligned,Booming
YO41,2020Q3,2020,3,RYEDALE,YORK,Detached,450000.0,418333.3333333333,199394.91802283563,28.57142857142857,-35.71428571428571,614583.3333333334,47.664123830159916,62.5,3,0.0,200.0,2.0,1.1162790697674418,Medium,0.6714285714285715,67.1,Divergent,Growing
YO41,2020Q4,2020,4,RYEDALE,YORK,Detached,640000.0,623000.0,408711.3896137469,138.80597014925374,42.22222222222223,596666.6666666666,65.60375435212632,81.25,5,400.0,66.66666666666667,3.0,1.8604651162790697,High,1.0,100.0,Aligned,Booming
YO41,2021Q1,2021,1,RYEDALE,YORK,Detached,495000.0,604375.0,456993.6861343564,-28.64864864864865,-22.65625,528333.3333333334,75.61426037383353,68.75,4,100.0,-19.999999999999996,4.0,1.4883720930232558,High,0.5281081081081082,52.8,Divergent,Declining
YO41,2021Q2,2021,2,RYEDALE,YORK,Detached,350000.0,433000.0,207352.3571122354,-50.0,-29.292929292929294,495000.0,47.88738039543542,40.625,5,400.0,25.0,4.666666666666667,1.8604651162790697,High,0.4,40.0,Divergent,Declining
YO41,2021Q3,2021,3,RYEDALE,YORK,Terraced,290650.0,432530.0,244589.6655625499,-35.41111111111111,-16.95714285714286,378550.0,56.54860138315259,18.75,5,66.66666666666666,0.0,4.666666666666667,1.8604651162790697,High,0.4875333333333334,48.8,Divergent,Declining
YO41,2021Q4,2021,4,RYEDALE,YORK,Terraced,315000.0,315000.0,70710.67811865476,-50.78125,8.377773954928603,318550.0,22.447834323382462,25.0,2,-60.0,-60.0,4.0,0.7441860465116279,Low,0.0,0.0,Aligned,Declining
YO41,2022Q1,2022,1,RYEDALE,YORK,Detached,590125.0,615062.5,239518.6470646214,19.217171717171716,87.34126984126985,398591.6666666667,38.942163936936716,75.0,4,0.0,100.0,3.6666666666666665,1.4883720930232558,High,0.6153030303030302,61.5,Divergent,Growing
YO41,2022Q2,2022,2,RYEDALE,YORK,Terraced,395000.0,395000.0,177047.3266630183,12.857142857142856,-33.06502859563651,433375.0,0.0,56.25,1,-80.0,-75.0,2.3333333333333335,0.37209302325581395,Low,0.3771428571428571,37.7,Divergent,Declining
YO41,2022Q4,2022,4,RYEDALE,YORK,Detached,855000.0,673000.0,372943.69548230735,171.42857142857142,116.45569620253164,613375.0,55.41511077003081,100.0,3,50.0,200.0,2.6666666666666665,1.1162790697674418,Medium,1.0,100.0,Aligned,Booming
YO41,2023Q2,2023,2,NORTH YORKSHIRE,YORK,Other,35000.0,35000.0,177047.3266630183,-91.13924050632912,-95.90643274853801,428333.3333333333,0.0,6.25,1,0.0,-66.66666666666667,1.6666666666666667,0.37209302325581395,Low,0.2,20.0,Divergent,Declining
YO41,2023Q4,2023,4,NORTH YORKSHIRE,YORK,Detached,343750.0,343750.0,22980.970388562793,-59.7953216374269,882.1428571428571,411250.0,6.68537320394554,31.25,2,-33.33333333333333,100.0,2.0,0.7441860465116279,Low,0.0666666666666667,6.7,Aligned,Declining
YO51,2020Q1,2020,1,HARROGATE,YORK,Detached,292500.0,326197.6111111111,166829.6700160766,-14.222873900293257,-13.96932307828056,312490.0,51.14374364907602,20.0,36,-7.6923076923076925,-23.404255319148938,36.333333333333336,0.6174957118353345,Low,0.3838935258290097,38.4,Aligned,Declining
YO51,2020Q2,2020,2,HARROGATE,YORK,Detached,358995.0,341919.70588235295,126044.3505709224,31.74249305039496,22.733333333333338,330496.6666666667,36.86372806318788,80.0,17,-57.49999999999999,-52.77777777777778,33.333333333333336,0.29159519725557465,Low,0.49045495830236974,49.0,Divergent,Declining
YO51,2020Q3,2020,3,HARROGATE,YORK,Detached,364997.5,428116.73214285716,219417.1843452137,19.68112140339372,1.672028858340635,338830.8333333333,51.2517189522032,87.5,56,115.38461538461537,229.41176470588235,36.333333333333336,0.960548885077187,Medium,0.8180867284203623,81.8,Aligned,Booming
YO51,2020Q4,2020,4,HARROGATE,YORK,Detached,382495.0,403990.4393939394,191861.5076415701,12.500183826232739,4.793868451153771,368829.1666666667,47.4915960707877,100.0,66,40.42553191489361,17.85714285714286,46.333333333333336,1.1320754716981132,Medium,0.736703230616971,73.7,Aligned,Booming
YO51,2021Q1,2021,1,HARROGATE,YORK,Detached,364997.5,370854.1212121212,195459.2184901625,24.785470085470084,-4.574569602217027,370830.0,52.705149359352454,87.5,66,83.33333333333334,0.0,62.666666666666664,1.1320754716981132,Medium,0.8487128205128205,84.9,Aligned,Booming
YO51,2021Q2,2021,2,HARROGATE,YORK,Detached,346997.5,335020.45238095237,130223.40839453282,-3.341968551094027,-4.931540626990594,364830.0,38.87028611807125,65.0,84,394.11764705882354,27.27272727272727,72.0,1.4408233276157805,High,0.6799481886934359,68.0,Divergent,Declining
YO51,2021Q3,2021,3,HARROGATE,YORK,Detached,335000.0,320397.63291139243,132280.6459510813,-8.218549442119466,-3.457517705458968,348998.3333333333,41.286399262401595,45.0,79,41.07142857142857,-5.952380952380953,76.33333333333333,1.3550600343053174,High,0.6149744176329975,61.5,Divergent,Declining
YO51,2021Q4,2021,4,HARROGATE,YORK,Detached,315000.0,322287.1875,148418.738948114,-17.64598230042223,-5.970149253731338,332332.5,46.051703171760124,30.0,64,-3.0303030303030303,-18.9873417721519,75.66666666666667,1.097770154373928,Medium,0.3820028940762545,38.2,Aligned,Declining
YO51,2022Q1,2022,1,HARROGATE,YORK,Detached,318000.0,358565.67346938775,254435.465252274,-12.876115589832807,0.952380952380949,322666.6666666667,70.95923678092856,35.0,49,-25.757575757575758,-23.4375,64.0,0.8404802744425386,Medium,0.3197130034307001,32.0,Aligned,Declining
YO51,2022Q2,2022,2,HARROGATE,YORK,Detached,327500.0,335815.48979591834,189178.8343298394,-5.618916562799444,2.9874213836478036,320166.6666666667,56.334159703236764,40.0,98,16.666666666666664,100.0,70.33333333333333,1.6809605488850772,High,0.53295316728987,53.3,Divergent,Declining
YO51,2022Q3,2022,3,HARROGATE,YORK,Detached,358146.0,398615.77358490566,217968.61830756578,6.909253731343283,9.35755725190839,334548.6666666667,54.68138311419284,75.0,53,-32.91139240506329,-45.91836734693877,66.66666666666667,0.9090909090909092,Medium,0.4098099527678065,41.0,Divergent,Declining
YO51,2022Q4,2022,4,NORTH YORKSHIRE,YORK,Detached,339950.0,354814.9032258064,225743.1426962311,7.920634920634921,-5.080609583801021,341865.3333333333,63.62279054343068,50.0,93,45.3125,75.47169811320755,81.33333333333333,1.5951972555746141,High,0.7287738095238097,72.9,Aligned,Growing
YO51,2023Q1,2023,1,HARROGATE,YORK,Detached,367495.0,338789.9,119506.52424906481,15.564465408805031,8.102662156199436,355197.0,35.274523900820185,95.0,40,-18.367346938775512,-56.98924731182795,62.0,0.686106346483705,Low,0.5199174046977282,52.0,Divergent,Growing
YO51,2023Q2,2023,2,NORTH YORKSHIRE,YORK,Detached,350000.0,364529.5507246377,206960.08738313147,6.870229007633588,-4.76060898787739,352481.6666666667,56.77457066833719,70.0,69,-29.591836734693878,72.50000000000001,67.33333333333333,1.183533447684391,Medium,0.422854027107026,42.3,Divergent,Declining
YO51,2023Q3,2023,3,NORTH YORKSHIRE,YORK,Semi-Detached,240000.0,295810.9253731343,211607.93306019861,-32.98822268013603,-31.428571428571427,319165.0,71.53486058477303,5.0,67,26.41509433962264,-2.898550724637683,58.666666666666664,1.1492281303602059,Medium,0.40773104127767434,40.8,Divergent,Declining
YO51,2023Q4,2023,4,NORTH YORKSHIRE,YORK,Detached,290000.0,290546.24675324676,153867.66315598303,-14.693337255478747,20.833333333333325,293333.3333333333,52.95806257193154,15.0,77,-17.20430107526882,14.925373134328357,71.0,1.3207547169811322,High,0.34302277216605226,34.3,Aligned,Declining
YO60,2020Q1,2020,1,RYEDALE,YORK,Other,620000.0,492668.1818181818,262024.4571339928,63.1578947368421,113.42512908777968,421833.3333333333,53.18477360705474,95.0,11,-26.666666666666668,-50.0,15.333333333333334,0.6547619047619048,Low,0.6933333333333334,69.3,Divergent,Declining
YO60,2020Q2,2020,2,RYEDALE,YORK,Detached,300500.0,447250.0,420545.18187704874,-27.151515151515156,-51.532258064516135,403666.6666666667,94.02910718324176,25.0,4,-71.42857142857143,-63.63636363636363,12.333333333333334,0.23809523809523808,Low,0.13709090909090904,13.7,Aligned,Declining
YO60,2020Q3,2020,3,RYEDALE,YORK,Detached,375000.0,381718.75,190874.91268280038,5.633802816901409,24.792013311148086,431833.3333333333,50.00407045312822,55.00000000000001,16,23.076923076923077,300.0,10.333333333333334,0.9523809523809523,Medium,0.6261105092091008,62.6,Aligned,Growing
YO60,2020Q4,2020,4,RYEDALE,YORK,Detached,378500.0,395302.17391304346,164627.66562918224,30.292598967297764,0.9333333333333416,351333.3333333333,41.64603093364121,60.0,23,4.545454545454546,43.75,14.333333333333334,1.369047619047619,High,0.6999374119856048,70.0,Aligned,Booming
YO60,2021Q1,2021,1,RYEDALE,YORK,Detached,317500.0,385464.28571428574,202413.56996722898,-48.79032258064516,-16.116248348745042,357000.0,52.511627527864455,30.0,28,154.54545454545453,21.739130434782616,22.333333333333332,1.6666666666666665,High,0.40725806451612906,40.7,Divergent,Declining
YO60,2021Q2,2021,2,NORTH YORKSHIRE,YORK,Detached,449950.0,514563.3333333333,370396.0132010576,49.73377703826955,41.71653543307086,381983.3333333333,71.98258974296478,75.0,15,275.0,-46.42857142857143,22.0,0.8928571428571428,Medium,0.9984026622296174,99.8,Aligned,Booming
YO60,2021Q3,2021,3,RYEDALE,YORK,Detached,265000.0,383304.1904761905,357061.2930139053,-29.333333333333332,-41.10456717413046,344150.0,93.1535062453445,10.0,21,31.25,39.99999999999999,21.333333333333332,1.25,High,0.449,44.9,Divergent,Declining
YO60,2021Q4,2021,4,RYEDALE,YORK,Detached,515570.0,544178.3333333334,240166.98697642298,36.21400264200793,94.55471698113207,410173.3333333333,44.133875287774465,90.0,12,-47.82608695652174,-42.85714285714286,16.0,0.7142857142857143,Low,0.5259796680259605,52.6,Divergent,Declining
YO60,2022Q1,2022,1,RYEDALE,YORK,Terraced,205000.0,260364.1875,165084.04972587706,-35.43307086614173,-60.23818298194232,328523.3333333333,63.40505248091275,5.0,16,-42.857142857142854,33.33333333333333,16.333333333333332,0.9523809523809523,Medium,0.11597300337457818,11.6,Aligned,Declining
YO60,2022Q2,2022,2,RYEDALE,YORK,Detached,345000.0,536837.380952381,370920.7178928506,-23.324813868207578,68.29268292682926,355190.0,69.09368293892193,35.0,21,40.0,31.25,16.333333333333332,1.25,High,0.5200511167907546,52.0,Divergent,Declining
YO60,2022Q3,2022,3,RYEDALE,YORK,Detached,350000.0,427140.7894736842,211791.65653658024,32.075471698113205,1.449275362318847,300000.0,49.583570980787485,42.5,19,-9.523809523809524,-9.523809523809524,18.666666666666668,1.130952380952381,Medium,0.6543575920934411,65.4,Divergent,Growing
YO60,2022Q4,2022,4,RYEDALE,YORK,Detached,460000.0,556280.7826086957,322000.64747393347,-10.778361813138856,31.428571428571427,385000.0,57.884553545765435,80.0,23,91.66666666666666,21.052631578947366,21.0,1.369047619047619,High,0.6353298291211669,63.5,Divergent,Declining
YO60,2023Q1,2023,1,NORTH YORKSHIRE,YORK,Detached,480000.0,594909.0909090909,372514.81971740525,134.14634146341464,4.347826086956519,430000.0,62.61709989137313,85.0,11,-31.25,-52.17391304347826,17.666666666666668,0.6547619047619048,Low,0.675,67.5,Divergent,Declining
YO60,2023Q2,2023,2,NORTH YORKSHIRE,YORK,Semi-Detached,285200.0,475508.82352941175,446105.46617199096,-17.333333333333336,-40.583333333333336,408400.0,93.81644337550298,15.0,17,-19.047619047619047,54.54545454545454,17.0,1.0119047619047619,Medium,0.31980952380952377,32.0,Aligned,Declining
YO60,2023Q3,2023,3,NORTH YORKSHIRE,YORK,Detached,630000.0,694361.3636363636,404013.43268917437,80.0,120.89761570827488,465066.6666666667,58.184895336537735,100.0,22,15.789473684210526,29.41176470588236,16.666666666666668,1.3095238095238095,High,0.8631578947368421,86.3,Aligned,Booming
YO60,2023Q4,2023,4,NORTH YORKSHIRE,YORK,Detached,350000.0,508730.3846153846,413210.14478340565,-23.91304347826087,-44.44444444444444,421733.3333333333,81.22379894721738,42.5,13,-43.47826086956522,-40.90909090909091,17.333333333333332,0.7738095238095237,Low,0.18260869565217389,18.3,Aligned,Declining
YO61,2020Q1,2020,1,HAMBLETON,YORK,Detached,275000.0,312552.8048780488,161755.65492566436,-4.3478260869565215,3.7735849056603765,280000.0,51.75306457057004,15.0,82,41.37931034482759,-3.529411764705881,83.0,1.0012210012210012,Medium,0.6394302848575713,63.9,Divergent,Declining
YO61,2020Q2,2020,2,HAMBLETON,YORK,Detached,286000.0,405531.1395348837,383370.54721606086,8.952380952380953,4.0000000000000036,275333.3333333333,94.53541537050903,20.0,43,-31.746031746031743,-47.5609756097561,70.0,0.5250305250305249,Low,0.4267301587301587,42.7,Divergent,Declining
YO61,2020Q3,2020,3,HAMBLETON,YORK,Detached,290000.0,345604.37647058826,203963.84666586755,-3.3333333333333335,1.3986013986013957,283666.6666666667,59.01656939324822,30.0,85,3.6585365853658534,97.67441860465115,70.0,1.0378510378510377,Medium,0.4946341463414634,49.5,Divergent,Declining
YO61,2020Q4,2020,4,HAMBLETON,YORK,Detached,340000.0,386865.0074074074,229378.49942312468,28.30188679245283,17.24137931034482,305333.3333333333,59.29161206910768,60.0,135,58.82352941176471,58.823529411764696,87.66666666666667,1.6483516483516483,High,0.869811320754717,87.0,Aligned,Booming
YO61,2021Q1,2021,1,HAMBLETON,YORK,Detached,381300.0,428149.5447761194,227177.16362721962,38.654545454545456,12.147058823529422,337100.0,53.060237106175414,80.0,134,63.41463414634146,-0.7407407407407418,118.0,1.636141636141636,High,0.9319272727272727,93.2,Aligned,Booming
YO61,2021Q2,2021,2,HAMBLETON,YORK,Detached,435000.0,459582.2923076923,243527.66406477144,52.09790209790209,14.083398898505116,385433.3333333333,52.988913659390654,100.0,130,202.32558139534885,-2.985074626865669,133.0,1.5873015873015872,High,1.0,100.0,Aligned,Booming
YO61,2021Q3,2021,3,HAMBLETON,YORK,Detached,300500.0,399202.07216494845,293204.7514763662,3.620689655172414,-30.919540229885058,372266.6666666667,73.44770278527396,45.0,97,14.117647058823529,-25.384615384615383,120.33333333333333,1.1843711843711844,Medium,0.5781947261663287,57.8,Aligned,Growing
YO61,2021Q4,2021,4,NORTH YORKSHIRE,YORK,Detached,355000.0,382622.4285714286,225645.06835820255,4.411764705882353,18.13643926788686,363500.0,58.973298873429414,75.0,63,-53.333333333333336,-35.051546391752574,96.66666666666667,0.7692307692307692,Low,0.3264705882352941,32.6,Divergent,Declining
YO61,2022Q1,2022,1,HAMBLETON,YORK,Detached,322250.0,367049.0862068966,186633.65625854046,-15.486493574613167,-9.225352112676056,325916.6666666667,50.84705650332001,50.0,58,-56.71641791044776,-7.936507936507942,72.66666666666667,0.7081807081807081,Low,0.20708103855232102,20.7,Aligned,Declining
YO61,2022Q2,2022,2,NORTH YORKSHIRE,YORK,Detached,295000.0,394677.8805970149,286482.36594805913,-32.18390804597701,-8.456167571761053,324083.3333333333,72.58637487226486,35.0,67,-48.46153846153846,15.517241379310342,62.666666666666664,0.818070818070818,Medium,0.11305039787798407,11.3,Aligned,Declining
YO61,2022Q3,2022,3,NORTH YORKSHIRE,YORK,Detached,403750.0,469643.5862068966,272468.43396918016,34.359400998336106,36.86440677966101,340333.3333333333,58.01600234121946,95.0,87,-10.309278350515463,29.850746268656714,70.66666666666667,1.0622710622710623,Medium,0.6649192925879547,66.5,Divergent,Growing
YO61,2022Q4,2022,4,HAMBLETON,YORK,Detached,325000.0,416272.8375,293357.88492644543,-8.450704225352112,-19.5046439628483,341250.0,70.47250228678334,55.00000000000001,80,26.984126984126984,-8.045977011494255,78.0,0.9768009768009768,Medium,0.5572322825843953,55.7,Divergent,Declining
YO61,2023Q1,2023,1,NORTH YORKSHIRE,YORK,Detached,385000.0,447128.44444444444,247963.84647542652,19.47245927075252,18.461538461538463,371250.0,55.456960870275374,85.0,45,-22.413793103448278,-43.75,70.66666666666667,0.5494505494505494,Low,0.527179583210722,52.7,Divergent,Declining
YO61,2023Q2,2023,2,NORTH YORKSHIRE,YORK,Detached,352000.0,378011.9873417721,287808.2681402403,19.322033898305087,-8.571428571428575,354000.0,76.13733896751377,70.0,79,17.91044776119403,75.55555555555556,68.0,0.9645909645909645,Medium,0.6875739944346067,68.8,Aligned,Booming
YO61,2023Q3,2023,3,NORTH YORKSHIRE,YORK,Detached,390000.0,459871.15555555554,302871.477212228,-3.4055727554179565,10.795454545454541,375666.6666666667,65.86007266455725,90.0,90,3.4482758620689653,13.924050632911399,71.33333333333333,1.0989010989010988,Medium,0.49335966691576816,49.3,Divergent,Declining
YO61,2023Q4,2023,4,NORTH YORKSHIRE,YORK,Detached,345000.0,411024.4,255232.99174400358,6.153846153846154,-11.538461538461542,362333.3333333333,62.09679808400755,65.0,75,-6.25,-16.666666666666664,81.33333333333333,0.9157509157509157,Medium,0.5119230769230769,51.2,Divergent,Growing
YO62,2020Q1,2020,1,RYEDALE,YORK,Detached,312000.0,372511.9285714286,250482.6218150398,24.8,8.333333333333325,302000.0,67.24150358771938,70.0,42,7.6923076923076925,-14.28571428571429,52.333333333333336,0.6896551724137931,Low,0.6795692307692308,68.0,Aligned,Booming
YO62,2020Q2,2020,2,RYEDALE,YORK,Detached,320000.0,394566.0,334640.685839411,25.49019607843137,2.564102564102555,306666.6666666667,84.81234719651744,90.0,29,-45.28301886792453,-30.952380952380953,40.0,0.4761904761904762,Low,0.47180910099889006,47.2,Divergent,Declining
YO62,2020Q3,2020,3,RYEDALE,YORK,Detached,300000.0,373268.125,320779.07356937515,-1.9607843137254901,-6.25,310666.6666666667,85.93797650666666,52.5,48,-27.27272727272727,65.51724137931035,39.666666666666664,0.7881773399014779,Low,0.379144385026738,37.9,Aligned,Declining
YO62,2020Q4,2020,4,RYEDALE,YORK,Detached,315000.0,353532.7010309278,190602.2942167563,9.375,5.000000000000004,311666.6666666667,53.91362486721758,80.0,97,97.95918367346938,102.08333333333334,58.0,1.5927750410509032,High,0.7562500000000001,75.6,Aligned,Growing
YO62,2021Q1,2021,1,RYEDALE,YORK,Detached,287000.0,354116.7294117647,225409.31205662858,-8.012820512820513,-8.888888888888891,300666.6666666667,63.653957391694995,20.0,85,102.38095238095238,-12.371134020618557,76.66666666666667,1.3957307060755337,High,0.6519230769230769,65.2,Divergent,Declining
YO62,2021Q2,2021,2,RYEDALE,YORK,Detached,289995.0,350112.4,192923.66887428664,-9.3765625,1.04355400696865,297331.6666666667,55.10335220183193,32.5,105,262.0689655172414,23.529411764705888,95.66666666666667,1.7241379310344829,High,0.6437406250000001,64.4,Divergent,Declining
YO62,2021Q3,2021,3,RYEDALE,YORK,Detached,289995.0,340694.44444444444,263214.4374578454,-3.335,0.0,288996.6666666667,77.25821238061503,32.5,81,68.75,-22.857142857142854,90.33333333333333,1.3300492610837438,High,0.6799900000000001,68.0,Divergent,Declining
YO62,2021Q4,2021,4,RYEDALE,YORK,Semi-Detached,282500.0,369382.92,262632.52021834307,-10.317460317460316,-2.584527319436547,287496.6666666667,71.10034221894804,15.0,50,-48.45360824742268,-38.27160493827161,78.66666666666667,0.8210180623973727,Medium,0.2442808051055474,24.4,Aligned,Declining
YO62,2022Q1,2022,1,RYEDALE,YORK,Semi-Detached,300000.0,382787.2978723404,226398.27992441866,4.529616724738676,6.194690265486735,290831.6666666667,59.144668901715356,52.5,47,-44.70588235294118,-6.000000000000005,59.333333333333336,0.7717569786535304,Low,0.3483541709366673,34.8,Divergent,Declining
YO62,2022Q2,2022,2,NORTH YORKSHIRE,YORK,Detached,299975.0,363815.38333333336,210903.68134060642,3.4414386454938874,-0.008333333333332416,294158.3333333333,57.969973509166635,45.0,60,-42.857142857142854,27.65957446808511,52.333333333333336,0.9852216748768473,Medium,0.3492200604443919,34.9,Divergent,Declining
YO62,2022Q3,2022,3,RYEDALE,YORK,Detached,292497.5,337363.08510638296,173278.49890523896,0.8629459128605665,-2.4927077256438057,297490.8333333333,51.36261391805742,40.0,94,16.049382716049383,56.666666666666664,67.0,1.5435139573070609,High,0.5693752063413609,56.9,Aligned,Stable
YO62,2022Q4,2022,4,RYEDALE,YORK,Detached,368423.0,432389.5090909091,300046.2097289333,30.415221238938052,25.957657757758625,320298.5,69.39257392247441,100.0,55,10.0,-41.48936170212766,69.66666666666667,0.90311986863711,Medium,0.7224913274336282,72.2,Aligned,Booming
YO62,2023Q1,2023,1,NORTH YORKSHIRE,YORK,Detached,305000.0,385147.6,300356.27314736194,1.6666666666666667,-17.21472329360545,321973.5,77.98471888371158,60.0,45,-4.25531914893617,-18.181818181818176,64.66666666666667,0.7389162561576355,Low,0.4929787234042553,49.3,Divergent,Stable
YO62,2023Q2,2023,2,NORTH YORKSHIRE,YORK,Detached,317497.5,336893.6538461539,144164.41803907265,5.841320110009168,4.097540983606551,330306.8333333333,42.792262897569124,85.0,52,-13.333333333333334,15.555555555555545,50.666666666666664,0.8538587848932677,Medium,0.4817145873267216,48.2,Divergent,Growing
YO62,2023Q3,2023,3,NORTH YORKSHIRE,YORK,Detached,325000.0,370454.39344262297,221841.98203475666,11.112060786844332,2.363010732367976,315832.5,59.883749784470076,95.0,61,-35.1063829787234,17.307692307692314,52.666666666666664,1.0016420361247949,Medium,0.4262468328061724,42.6,Divergent,Declining
YO62,2023Q4,2023,4,NORTH YORKSHIRE,YORK,Detached,312500.0,393404.76666666666,220823.1810833617,-15.179019768038367,-3.8461538461538436,318332.5,56.131292702527425,75.0,60,9.090909090909092,-1.6393442622950838,57.666666666666664,0.9852216748768473,Medium,0.44528951775540615,44.5,Divergent,Declining
YO7,2020Q1,2020,1,HAMBLETON,THIRSK,Detached,239995.0,284926.8947368421,219558.74447630194,11.651546871365435,3.6695464362850982,235831.66666666666,77.05792206070473,30.0,95,9.195402298850574,-19.491525423728817,114.0,0.7639726578206675,Low,0.6066908904235949,60.7,Aligned,Growing
YO7,2020Q2,2020,2,HAMBLETON,THIRSK,Detached,265000.0,262672.72881355934,95899.4787805099,11.590693757237604,10.418967061813778,245498.33333333334,36.509111247927734,60.0,59,-51.63934426229508,-37.89473684210526,90.66666666666667,0.47446722959388826,Low,0.3695441625434256,37.0,Divergent,Declining
YO7,2020Q3,2020,3,HAMBLETON,THIRSK,Detached,230000.0,272791.829787234,149393.06080929868,-2.5423728813559325,-13.207547169811317,244998.33333333334,54.7644923698114,10.0,141,9.30232558139535,138.9830508474576,98.33333333333333,1.1338962605548855,Medium,0.5219550650374458,52.2,Divergent,Stable
YO7,2020Q4,2020,4,HAMBLETON,THIRSK,Detached,267750.0,320637.54210526316,210168.678239875,15.658747300215984,16.413043478260867,254250.0,65.54712116988411,75.0,190,61.016949152542374,34.75177304964539,130.0,1.527945315641335,High,0.7939524838012959,79.4,Aligned,Booming
YO7,2021Q1,2021,1,HAMBLETON,THIRSK,Detached,284000.0,334191.7083333333,217131.0012243734,18.335798662472136,6.069094304388423,260583.33333333334,64.97198937317742,90.0,168,76.84210526315789,-11.578947368421055,166.33333333333334,1.3510253317249699,High,0.8100147919748328,81.0,Aligned,Booming
YO7,2021Q2,2021,2,HAMBLETON,THIRSK,Detached,275000.0,325458.52432432433,210294.79972314718,3.7735849056603774,-3.169014084507038,275583.3333333333,64.61493063048034,80.0,185,213.55932203389833,10.119047619047628,181.0,1.4877362283876157,High,0.7226415094339622,72.3,Aligned,Growing
YO7,2021Q3,2021,3,HAMBLETON,THIRSK,Detached,249975.0,318154.8181818182,210492.69994559197,8.684782608695652,-9.099999999999998,269658.3333333333,66.16046274216731,40.0,154,9.219858156028367,-16.75675675675675,169.0,1.2384398874145557,High,0.5889881282762874,58.9,Aligned,Growing
YO7,2021Q4,2021,4,HAMBLETON,THIRSK,Detached,254995.0,300636.93233082705,174250.68655658825,-4.763772175536881,2.008200820082018,259990.0,57.96050578537677,45.0,133,-30.0,-13.636363636363635,157.33333333333334,1.0695617209489345,Medium,0.3514173669467787,35.1,Aligned,Declining
YO7,2022Q1,2022,1,NORTH YORKSHIRE,THIRSK,Detached,265995.0,318354.21774193546,242119.0816226547,-6.339788732394366,4.313810074707347,256988.33333333334,76.0533607313227,65.0,124,-26.190476190476193,-6.766917293233088,137.0,0.9971853638922397,Medium,0.357199362843729,35.7,Aligned,Declining
YO7,2022Q2,2022,2,HAMBLETON,THIRSK,Detached,247995.0,346702.7226277372,283714.77201674,-9.82,-6.767044493317542,256328.33333333334,81.83228844192584,35.0,137,-25.945945945945947,10.483870967741925,131.33333333333334,1.1017289907519099,Medium,0.3372962162162162,33.7,Aligned,Declining
YO7,2022Q3,2022,3,HAMBLETON,THIRSK,Detached,266000.0,340148.6642857143,216214.1933326386,6.410641064106411,7.260227020706056,259996.66666666666,63.564616308775335,70.0,140,-9.090909090909092,2.1897810218978186,133.66666666666666,1.1258544431041415,Medium,0.5021002100210021,50.2,Divergent,Growing
YO7,2022Q4,2022,4,HAMBLETON,THIRSK,Semi-Detached,264997.5,312230.2763157895,163175.44550243003,3.92262593384184,-0.3768796992481227,259664.16666666666,52.26125007089142,55.00000000000001,152,14.285714285714285,8.571428571428562,143.0,1.222356252513068,High,0.5806786127459082,58.1,Aligned,Growing
YO7,2023Q1,2023,1,HAMBLETON,THIRSK,Semi-Detached,280000.0,318543.06666666665,189160.45371771595,5.265136562717345,5.661374163907196,270332.5,59.383007672133495,85.0,90,-27.419354838709676,-40.789473684210535,127.33333333333333,0.7237635705669482,Low,0.4219134000214653,42.2,Divergent,Declining
YO7,2023Q2,2023,2,NORTH YORKSHIRE,THIRSK,Detached,255000.0,289502.0777777778,148308.94202088236,2.8246537228573154,-8.92857142857143,266665.8333333333,51.22897326309502,50.0,90,-34.306569343065696,0.0,110.66666666666667,0.7237635705669482,Low,0.37972164496488114,38.0,Divergent,Declining
YO7,2023Q3,2023,3,NORTH YORKSHIRE,THIRSK,Detached,290000.0,340898.65591397847,174283.20171980548,9.022556390977442,13.725490196078427,275000.0,51.12463739481087,95.0,93,-33.57142857142857,3.3333333333333437,91.0,0.7478890229191798,Low,0.41984962406015036,42.0,Divergent,Declining
YO7,2023Q4,2023,4,NORTH YORKSHIRE,THIRSK,Detached,291497.5,317453.925,169853.76323206845,10.000094340512646,0.5163793103448278,278832.5,53.50501280841573,100.0,80,-47.368421052631575,-13.978494623655912,87.66666666666667,0.6433453960595095,Low,0.37052688183254956,37.1,Divergent,Declining
YO8,2020Q1,2020,1,SELBY,SELBY,Detached,190750.0,207728.3537735849,102045.87629046295,12.205882352941176,0.39473684210526994,186916.66666666666,49.12467385251059,30.0,212,-5.357142857142857,-37.82991202346041,281.3333333333333,0.8446215139442231,Medium,0.5518067226890757,55.2,Divergent,Growing
YO8,2020Q2,2020,2,SELBY,SELBY,Detached,185000.0,206729.52142857143,98889.99133347512,-5.128205128205128,-3.014416775884665,188583.33333333334,47.835447327557084,15.0,140,-55.55555555555556,-33.9622641509434,231.0,0.5577689243027888,Low,0.2692307692307692,26.9,Aligned,Declining
YO8,2020Q3,2020,3,SELBY,SELBY,Detached,190000.0,215931.6463414634,96950.55372041368,5.555555555555555,2.7027027027026973,188583.33333333334,44.898723907796715,22.5,246,-15.463917525773196,75.71428571428571,199.33333333333334,0.9800796812749004,Medium,0.47147766323024054,47.1,Divergent,Growing
YO8,2020Q4,2020,4,SELBY,SELBY,Detached,200000.0,227756.75,103277.12925211566,5.263157894736842,5.263157894736836,191666.66666666666,45.34536484741535,45.0,336,-1.466275659824047,36.585365853658544,240.66666666666666,1.3386454183266931,High,0.5257138447291249,52.6,Divergent,Growing
YO8,2021Q1,2021,1,SELBY,SELBY,Detached,210000.0,235759.07868852458,130514.94338132055,10.091743119266056,5.000000000000004,200000.0,55.35945597825807,60.0,305,43.86792452830189,-9.226190476190476,295.6666666666667,1.2151394422310757,High,0.7360221568288039,73.6,Aligned,Booming
YO8,2021Q2,2021,2,SELBY,SELBY,Detached,215000.0,238315.03532608695,121071.89697625651,16.216216216216218,2.3809523809523725,208333.33333333334,50.80329774854263,65.0,368,162.85714285714286,20.655737704918042,336.3333333333333,1.4661354581673307,High,0.7972972972972974,79.7,Aligned,Booming
YO8,2021Q3,2021,3,SELBY,SELBY,Semi-Detached,199950.0,230482.1947565543,119742.61813607647,5.2368421052631575,-6.999999999999995,208316.66666666666,51.953088290639556,40.0,267,8.536585365853659,-27.44565217391305,313.3333333333333,1.0637450199203187,Medium,0.5655673940949937,56.6,Aligned,Growing
YO8,2021Q4,2021,4,SELBY,SELBY,Detached,216000.0,237158.0,139961.70110387867,8.0,8.027006751687926,210316.66666666666,59.01622593540116,70.0,259,-22.916666666666664,-2.9962546816479363,298.0,1.0318725099601593,Medium,0.4563333333333333,45.6,Divergent,Declining
YO8,2022Q1,2022,1,SELBY,SELBY,Detached,209500.0,237255.43902439025,112346.16206915597,-0.2380952380952381,-3.009259259259256,208483.33333333334,47.35240740154606,55.00000000000001,205,-32.78688524590164,-20.849420849420852,243.66666666666666,0.8167330677290837,Medium,0.367423887587822,36.7,Aligned,Declining
YO8,2022Q2,2022,2,NORTH YORKSHIRE,SELBY,Detached,242497.5,251436.62068965516,130421.63773859871,12.789534883720929,15.750596658711213,222665.83333333334,51.870581692066395,100.0,232,-36.95652173913043,13.170731707317064,232.0,0.9243027888446215,Medium,0.42891112234580386,42.9,Divergent,Declining
YO8,2022Q3,2022,3,SELBY,SELBY,Detached,220000.0,255031.99644128114,165147.47470941357,10.02750687671918,-9.277415231084852,223999.16666666666,64.75559028431059,80.0,281,5.2434456928838955,21.12068965517242,239.33333333333334,1.1195219123505975,Medium,0.5811388240318507,58.1,Aligned,Growing
YO8,2022Q4,2022,4,SELBY,SELBY,Detached,220000.0,260399.46502057614,153321.87722725506,1.8518518518518516,0.0,227499.16666666666,58.879490100004595,80.0,243,-6.177606177606178,-13.523131672597867,252.0,0.9681274900398407,Medium,0.48640068640068646,48.6,Divergent,Stable
YO8,2023Q1,2023,1,SELBY,SELBY,Semi-Detached,205000.0,227645.83333333334,129610.0670109826,-2.1479713603818613,-6.818181818181824,215000.0,56.93496125676914,50.0,156,-23.902439024390244,-35.802469135802475,226.66666666666666,0.6215139442231076,Low,0.3915024157401479,39.2,Aligned,Declining
YO8,2023Q2,2023,2,NORTH YORKSHIRE,SELBY,Detached,227500.0,247883.97183098592,131257.9083776401,-6.184599841235476,10.97560975609757,217500.0,52.951349539911085,95.0,142,-38.793103448275865,-8.974358974358976,180.33333333333334,0.5657370517928287,Low,0.3077199871594837,30.8,Aligned,Declining
YO8,2023Q3,2023,3,NORTH YORKSHIRE,SELBY,Detached,220000.0,254658.01886792452,127581.17463100553,0.0,-3.296703296703296,217500.0,50.09902111002209,80.0,212,-24.555160142348754,49.29577464788733,170.0,0.8446215139442231,Medium,0.401779359430605,40.2,Divergent,Declining
YO8,2023Q4,2023,4,NORTH YORKSHIRE,SELBY,Detached,222000.0,252811.55102040817,122086.15156661613,0.9090909090909091,0.9090909090909038,223166.66666666666,48.29136606845972,90.0,245,0.823045267489712,15.566037735849058,199.66666666666666,0.9760956175298805,Medium,0.5087467265245043,50.9,Aligned,Stable
